,TECH_1,TECH_2,TECH_3,TECH_4,TECH_5,TECH_6,FIN_1,FIN_2,FIN_3,FIN_4,FIN_5,ENERGY_1,ENERGY_2,ENERGY_3,ENERGY_4,STAPLE_1,STAPLE_2,STAPLE_3,STAPLE_4,STAPLE_5
2022-01-03,-0.013309,0.00065,0.022299,0.009459,0.0083,0.015217,0.00385,-0.014531,0.009784,-0.006885,-0.001141,-0.018726,-0.019558,-0.017126,-0.027212,0.019456,0.003352,0.007388,0.036376,-0.009264
2022-01-04,-0.015863,-0.019397,-0.010799,-0.037658,-0.00924,-0.022747,-0.013012,-0.005037,-0.024369,-0.022286,0.010448,-0.032075,-0.005845,-0.017149,-0.014884,-0.021348,0.00271,-0.000564,-0.015524,-0.038324
2022-01-05,-0.002492,0.010051,-0.018482,-0.011914,-0.011361,-0.012479,-0.005642,-0.000902,-0.001519,-0.011015,0.010805,0.039575,0.011004,0.030579,0.011098,0.018093,0.018081,-0.002563,0.048888,0.017009
2022-01-06,0.002938,0.000368,0.023614,-0.005361,0.01828,-0.000915,-0.01746,-0.002479,-0.005767,0.002963,0.01348,-0.007604,0.014038,0.003885,0.017251,-0.003733,0.024564,0.002773,0.005202,0.007297
2022-01-07,0.015714,-0.011186,-0.015126,0.003146,-0.003737,0.015702,-0.028957,-0.003872,0.002517,-0.004795,0.01559,-0.069704,-0.001334,-0.018294,-0.011452,0.016999,-0.024812,-0.000266,0.01071,0.038681
2022-01-10,-0.030453,-0.03025,-0.035144,-0.037302,-0.024089,-0.02702,-0.025943,-0.020345,-0.030024,-0.004681,0.009708,-0.01974,-0.000908,-0.040809,-0.034886,0.013182,-0.026799,-0.021007,0.01459,-0.014817
2022-01-11,-0.024445,-0.029674,-0.015487,-0.025642,-0.012047,-0.014231,-0.031963,-0.015421,-0.009064,-0.021883,-0.027979,0.001441,0.018024,0.018219,0.019062,0.003167,-0.003293,-0.026005,-0.003131,-0.027299
2022-01-12,-0.032578,-0.002277,-0.006572,-0.008537,-0.01732,-0.021833,-0.040293,-0.017025,-0.035197,-0.030124,-0.00372,-0.033138,-0.021889,-0.014122,-0.024092,1.1e-05,0.014295,-0.014521,0.003975,-0.015099
2022-01-13,0.031862,0.034811,0.05249,0.01386,0.011963,0.019181,0.011588,0.02375,0.031986,0.016554,0.029859,-0.028895,-0.028533,-0.014846,-0.006277,-0.000945,0.01895,-0.010946,0.010861,-0.010172
2022-01-14,-0.016944,-0.006635,-0.025296,0.001422,-0.001819,-0.007243,-0.005404,0.00725,0.022253,0.010485,0.004815,-0.021957,-0.009445,-0.004827,-0.002396,0.010123,-0.031631,5.9e-05,0.000868,0.005016
2022-01-17,0.008045,0.009374,0.001059,0.016116,0.006239,0.013852,-0.003862,0.017001,-0.007742,-0.004408,0.001838,-0.002417,-0.020917,-0.004348,-0.003448,-0.009057,0.040743,-0.007765,0.025052,0.008051
2022-01-18,0.014983,0.000118,0.014778,0.014069,0.006089,-0.008822,0.01097,0.034632,0.000178,0.021546,0.01716,-0.007967,0.033202,-0.03082,0.004301,0.009817,-0.027479,-0.016178,0.004425,-0.00617
2022-01-19,-0.011994,-0.011488,0.011044,-0.005954,-0.011834,-0.001165,-0.016054,-0.027553,-0.018199,-0.009162,-0.017686,-0.025439,-0.001752,-0.021624,-0.016329,-0.00055,-0.039986,-0.029059,0.007712,-0.0095
2022-01-20,0.006469,-0.006531,-0.013762,-0.006234,-0.000852,-0.003384,-0.018887,0.006078,-0.009679,-0.011107,0.011793,-9.9e-05,-0.025084,0.002324,-0.010304,-0.013651,0.007229,0.013583,-0.009218,0.006673
2022-01-21,0.016621,0.012947,0.040948,0.023575,0.006229,0.025221,0.002325,0.006601,0.028152,0.019033,0.027374,0.004329,-0.006941,0.01795,-0.010263,0.003675,0.000361,0.004568,-0.002004,-0.000345
2022-01-24,-0.017788,-0.021515,0.004523,-0.002929,-0.009964,-0.007837,-0.010622,-0.013497,-0.002376,-0.002831,-0.008235,-0.016925,-0.000473,-0.027396,-0.013625,0.012325,-0.013563,0.005564,0.02106,-0.002524
2022-01-25,0.013388,0.010062,-0.018261,0.019462,0.008753,-0.006036,-0.013536,-0.02417,0.005633,-0.000884,-0.006012,0.003971,-0.010807,-0.000564,0.012106,-0.014004,-0.01718,-0.013843,-0.013968,-0.043153
2022-01-26,0.008088,0.009936,0.015671,0.01314,0.007947,0.00678,-0.008321,-0.016823,-0.027917,-0.022247,-0.02297,0.001255,0.009751,-0.003414,-0.007488,0.019012,0.019232,0.013029,0.034751,-0.006851
2022-01-27,-0.012014,-0.00847,-0.011529,-0.019679,-0.012495,-0.021513,-0.02172,-0.033978,-0.039058,-0.025558,-0.014347,0.009336,0.014804,-0.024025,-0.003129,-0.009416,0.025436,0.001103,0.005076,-0.004317
2022-01-28,-0.007581,0.027562,-0.000449,0.023439,0.01426,0.019378,-0.025986,-0.0202,0.007672,-0.016071,0.021407,0.024306,0.034214,-0.024864,0.003734,-0.011384,-0.012924,-0.020376,-0.013399,0.002806
2022-01-31,0.037514,0.042485,0.017971,0.001127,0.020035,0.020327,0.012547,0.0104,0.007433,0.016545,0.014682,0.039345,0.03826,0.029729,0.041089,0.016352,0.00832,0.028379,0.03323,0.01679
2022-02-01,-0.006622,-0.019171,-0.028138,-0.009347,-0.010583,-0.006449,-0.014011,-0.017797,-0.014586,-0.011726,-0.001481,-0.02176,-0.02747,-0.032211,-0.01761,-0.015138,-0.013256,-0.02413,-0.004221,-0.019898
2022-02-02,-0.017179,-0.001596,-0.012956,-0.013346,-0.010387,-0.016122,0.007825,-0.013414,0.009612,-0.014241,0.009703,0.064948,0.012444,0.014916,0.034523,0.001055,0.048396,-0.01327,-0.006845,0.008362
2022-02-03,0.001742,0.025906,0.005683,0.020348,0.003837,0.004411,-0.012063,-0.026229,-0.014923,-0.011486,0.019754,-0.004148,0.020367,0.037491,0.020525,0.004169,0.018218,0.02465,0.009364,0.001858
2022-02-04,-0.000905,0.011557,-0.015233,0.004814,0.005088,0.003971,0.014017,0.00603,0.02131,-0.006071,0.000699,0.03527,0.011358,-0.004004,0.006906,-0.00263,0.000845,-0.000284,-0.013321,0.003845
2022-02-07,0.017217,0.010939,0.03334,0.008191,0.022621,0.019163,-0.015491,-0.021024,0.003714,-0.01814,-0.009054,-0.03941,-0.001669,0.000279,-0.012274,0.002637,-0.015574,0.041298,0.024925,0.001629
2022-02-08,-0.025731,-0.039919,0.012175,-0.033472,-0.026599,-0.032426,-0.010137,-0.021575,-0.018003,-0.009689,0.007359,-0.058029,-0.02744,-0.035915,-0.025176,-0.015434,-0.025757,-0.00875,-0.016401,-0.043952
2022-02-09,-0.019907,0.007258,0.013216,-0.007591,-0.002717,-0.00482,0.032465,0.010016,0.002828,0.01894,-0.008698,0.026198,0.003224,0.039726,0.020603,-0.007188,0.005454,-0.012326,-0.016161,-0.000861
2022-02-10,-0.004115,-0.004041,-0.012294,-0.021219,-0.012453,-0.015553,-0.004458,-0.025347,-0.014507,-0.015855,-0.001308,0.008184,0.009028,0.005741,0.005875,0.019581,-0.004966,-0.003209,-0.006621,-0.031603
2022-02-11,-0.008915,-0.022125,-0.01756,-0.003706,-0.00183,-0.009578,0.01034,0.016548,-0.016879,0.015931,0.00632,-0.009913,0.039328,0.010156,0.04217,-0.009569,0.000448,-0.002929,-0.000656,0.011431
2022-02-14,-0.020121,-0.012425,-0.020824,-0.023275,-0.00182,-0.0181,0.024565,0.004372,0.003343,0.006306,-0.002488,-0.011838,0.00511,0.03461,-0.003818,-0.005221,-0.014935,0.001724,0.0014,0.003117
2022-02-15,-0.004928,-0.024442,-0.021523,-0.017176,-0.019397,-0.020343,-0.040484,-0.021078,-0.028883,-0.010666,-0.018385,-0.04394,-0.013446,-0.011543,-0.024941,0.004425,0.024181,0.013124,-0.011751,0.026622
2022-02-16,0.021802,0.019572,0.006298,0.024716,0.025322,0.010374,-0.03522,-0.016965,-0.01322,-0.016453,-0.026646,0.028782,0.011492,0.030018,0.026684,0.015544,0.016187,-0.006191,0.014787,0.021527
2022-02-17,0.007677,-0.001468,-0.016885,0.006334,0.007757,0.004291,0.023055,0.003564,0.017496,0.004447,-0.016563,0.011481,-0.002361,-0.020654,-0.012632,0.00092,0.004105,-0.00133,0.005809,0.008522
2022-02-18,0.012597,0.01316,-0.006821,0.011644,-0.006007,0.006874,-0.00055,0.013206,-0.004283,0.006546,0.004383,0.014937,0.009227,0.016515,0.043897,-0.018605,-0.014143,-0.005634,-0.031604,0.019152
2022-02-21,-0.0043,-0.014557,-0.018014,-0.013888,-0.015562,-0.023928,-0.013633,-0.002243,-0.000682,-0.007951,-0.009252,-0.003485,-0.015178,-0.006795,-0.01123,-0.009641,0.016194,-0.004429,-0.01041,-0.005458
2022-02-22,0.013327,-0.002088,-0.010044,0.003847,0.004001,-0.009341,0.008507,0.012971,-0.010501,-0.009598,0.011315,0.003195,0.013033,0.008783,-0.016228,-0.008551,0.00224,0.000325,-0.004327,0.006035
2022-02-23,-0.015874,-0.031858,-0.015325,-0.009162,-0.009918,-0.0087,0.006184,-0.001187,-0.003855,-0.017443,0.002844,-0.024435,-0.013085,-0.022662,-0.018695,-3.4e-05,0.029914,0.004492,-0.005574,-0.002316
2022-02-24,-0.00705,0.001386,0.008158,0.020834,0.02039,0.004532,0.000458,0.014107,0.031288,0.020363,-0.003394,-0.022962,0.022665,0.000705,-0.010174,-0.000993,0.006979,0.01,-0.016049,0.043551
2022-02-25,-0.00608,0.015959,0.003431,-0.009898,-0.00223,-0.016494,0.005761,0.040515,0.0271,0.032503,0.018337,0.002425,0.007234,0.014541,0.016016,0.009758,0.022092,0.044611,0.017201,0.03537
2022-02-28,-0.00663,-0.001093,0.005911,-0.007531,-0.025722,-0.001243,0.00148,0.014329,-0.023245,0.013176,-3.9e-05,-0.003764,0.037213,0.004031,-0.013315,0.02255,0.010586,0.026148,-0.007274,0.019422
2022-03-01,0.005073,-0.010918,0.014446,0.004977,-0.007478,-0.011079,0.002492,-0.023771,-0.018807,-0.002441,-0.002988,-0.009405,-0.002604,0.00841,-0.01156,-0.008702,0.003298,0.007947,0.001631,0.001524
2022-03-02,0.022828,-0.023076,-0.075955,-0.013121,-0.014711,-0.025777,-0.00918,-0.005978,0.017811,-0.006615,-0.005578,0.006428,0.002141,0.007136,0.011833,0.008893,-0.002687,0.008729,8.7e-05,-0.023887
2022-03-03,0.001585,-0.012092,-0.016896,0.008815,-0.002806,-0.009958,-0.021183,-0.014736,-0.040874,-0.028463,-0.012183,-0.025991,-0.011827,-0.028757,-0.045564,-0.033901,-0.019199,-0.009749,0.009368,-0.027666
2022-03-04,-0.035129,-0.01945,-0.033082,-0.01924,-0.017651,-0.002816,0.007328,-0.007939,-0.002561,-0.007534,-0.018316,0.007126,-0.007527,0.005494,-0.001932,0.023753,0.025746,-0.006903,0.018124,0.011881
2022-03-07,-0.026293,-0.019038,-0.030649,-0.011352,-0.025042,-0.026438,-0.020637,-0.018503,-0.036081,-0.008267,-0.014178,-0.001333,-0.013096,-0.018031,-0.032893,-0.00536,-0.036054,-0.017042,-0.006064,0.013569
2022-03-08,0.014729,-0.001741,-0.001893,0.018604,0.009057,0.003693,-0.003848,0.004426,0.005075,0.002732,0.002018,-0.018114,-0.032605,0.006673,-0.012353,0.001905,-0.015364,0.010184,0.009544,0.013652
2022-03-09,-0.01063,-0.006802,-0.013656,-0.013626,-0.01314,-0.006378,-0.023266,-0.028141,-0.020567,-0.016753,0.005251,-0.041161,-0.00044,-0.010756,-0.009761,-0.005911,-0.015093,0.001757,-0.008449,0.022186
2022-03-10,-0.011813,0.035049,-0.00341,0.021274,0.024553,0.016135,-0.004282,0.000351,0.020619,0.000516,-0.019709,0.019517,-0.016607,0.004022,-0.005124,-0.01248,0.007446,0.030036,-0.018773,-0.018833
2022-03-11,0.021455,0.01355,0.027626,-0.002981,0.011807,0.003676,-0.005091,-0.014988,-0.011927,0.004096,-0.000675,0.018626,0.037923,0.003147,0.009499,0.009629,-0.007735,0.00036,-0.017671,0.008709
2022-03-14,-0.001072,-0.006505,0.013623,0.019696,-0.010058,0.000927,0.023825,0.008928,0.052576,0.008411,-0.001554,-0.005541,0.038582,-0.014465,0.008413,0.004903,0.011562,0.011749,-0.002624,0.002673
2022-03-15,-0.006379,0.000199,0.029983,0.022267,0.003899,0.02037,0.012462,-0.016907,-0.011276,-0.015961,0.004871,-0.003015,-0.001981,0.023669,-0.002342,-0.017352,-0.006873,-0.002773,-0.009135,-0.020358
2022-03-16,0.033051,0.041791,0.047971,0.03652,0.028677,0.025126,0.018383,0.032763,0.009838,0.008491,0.00669,-0.007277,0.02287,0.011077,0.022287,0.011344,0.018402,0.011527,0.022126,0.008329
2022-03-17,0.007605,0.01806,0.008361,0.011633,0.014856,-0.005972,0.025558,0.007958,-0.005026,0.000712,-0.01013,-0.004818,-0.003537,0.030939,0.007752,0.004102,0.006664,0.018467,0.021819,0.036637
2022-03-18,0.00362,-0.013081,0.00354,0.000922,0.010084,0.007547,-0.031868,-0.017045,0.020126,-0.018036,-0.008337,0.015533,-0.002724,-0.002384,-0.004502,0.034616,0.007662,0.006095,0.04386,0.03236
2022-03-21,0.034632,0.012688,0.015609,0.049862,0.02265,0.026013,0.012463,0.01456,0.015546,-0.003365,-0.006393,0.024384,0.018614,0.044201,0.008176,0.002827,0.025461,-0.025593,0.007222,-0.038905
2022-03-22,0.015491,0.017852,0.02144,0.032637,0.007233,0.021608,-0.004286,0.008165,0.029247,0.003969,0.012902,0.011653,-0.011168,-0.020413,-0.004764,0.02095,0.017624,0.001338,-0.000294,0.000529
2022-03-23,-0.007461,-0.004703,-0.002757,-0.000686,-0.016936,-0.003622,-0.021751,0.009326,0.007154,-0.017499,-0.007874,0.021305,-0.017886,-0.005911,-0.014028,-0.009508,-0.016752,-0.008415,0.000624,-0.01428
2022-03-24,0.003232,0.024222,0.028127,0.00733,0.006928,0.02559,0.018986,0.031197,0.023782,0.026698,-0.004402,0.012097,0.028195,0.016912,0.004745,0.019435,0.01266,0.024661,-0.020777,-0.00558
2022-03-25,-0.014619,-0.016775,0.004675,-0.015652,0.003022,-0.00072,-0.017792,0.004222,-0.015248,-0.00414,-0.003583,0.040324,0.003895,0.0385,0.017541,0.009248,0.026011,0.031711,0.012769,0.004411
2022-03-28,0.017484,0.008624,-0.004734,-0.007191,0.004564,-0.004164,-0.02113,-0.04137,-0.050537,-0.018382,-0.022137,0.017981,-0.019465,0.009631,0.013997,4.7e-05,0.010276,0.009948,0.021645,-0.006855
2022-03-29,0.026522,0.013198,-0.003192,0.011077,0.00197,0.009572,0.006705,0.001876,0.009777,0.003106,0.001503,0.0365,0.040529,0.02854,0.016785,-0.009332,-0.000506,-0.015877,0.007691,0.004896
2022-03-30,0.014295,0.008952,0.036109,0.01921,-0.003564,0.018256,0.011257,0.036747,0.042175,0.015455,0.027493,0.01789,0.008293,0.006672,-0.008373,0.031599,0.039686,0.031422,0.009265,-0.040828
2022-03-31,-0.016354,0.00928,0.001873,0.017844,0.02106,0.008569,-0.014006,-0.020647,-0.020102,-0.013296,-0.000129,-0.028018,-0.010135,-0.019445,-0.008209,-0.001852,0.012074,-0.007187,0.002096,-0.036084
2022-04-01,-0.02806,-0.018456,0.002041,-0.019742,-0.001871,-0.017321,-0.003172,-0.018825,-0.031341,-0.023867,-0.017832,0.013536,0.017814,0.001624,0.005916,-0.006575,-0.001838,-0.005912,-0.020754,-0.010777
2022-04-04,-0.013989,-0.013504,0.009167,-0.030323,-0.015159,-0.015755,0.001376,0.010693,0.000755,0.007555,0.002296,0.01326,-0.011822,0.013068,0.017187,-0.016869,-0.028037,-0.008004,0.017531,-0.031151
2022-04-05,-0.013196,0.008494,0.006207,0.011719,-0.013877,0.005514,0.008229,0.011501,0.009572,-0.007998,-0.010811,-0.047098,-0.011916,-0.041524,-0.010758,-0.007221,0.008753,-0.000797,0.011617,0.017362
2022-04-06,0.009646,0.002545,0.0443,0.012297,0.001193,0.010322,-0.009862,-0.021994,-0.029591,-0.003458,0.00093,-0.018043,-0.005244,-0.049561,-0.010219,0.010351,0.038068,0.01737,0.011537,0.008446
2022-04-07,0.022475,0.017848,0.011115,0.005913,-0.00296,0.01951,-0.018066,0.007455,-0.013984,-0.008882,-0.002712,-0.012885,0.021842,0.010177,0.038861,-0.01059,0.023106,-0.009664,-0.014916,-0.021753
2022-04-08,-0.016695,0.00575,0.019289,0.00127,-0.006619,-0.01821,0.005055,-0.015968,-0.020887,-0.021343,-0.002778,-0.001405,0.005283,-0.003442,0.012601,0.026326,0.039668,0.021854,0.002852,0.009673
2022-04-11,0.005872,-0.010022,0.004952,-0.016894,-0.008564,-0.005617,0.00565,-0.007822,-0.014038,-0.008829,-0.018846,-0.006753,-0.020147,0.0045,-0.005397,0.006156,0.003231,-0.025358,-0.006638,-0.003021
2022-04-12,-0.00046,-0.02037,-0.015584,-0.00933,-0.011546,-0.015908,0.003805,-8.7e-05,-0.022282,-0.004324,0.001114,0.043976,0.020158,0.047297,0.046049,9.5e-05,-0.008873,-0.006149,-0.028422,-0.036551
2022-04-13,0.015221,-0.029594,-0.014845,-0.020292,-0.018615,-0.02444,-0.008776,-0.004277,-0.015129,0.003008,0.025552,-0.009535,-0.049447,-0.005115,-0.021518,-0.003433,-0.028763,0.000435,0.019509,-0.015887
2022-04-14,-0.014434,-0.006275,0.001595,-0.014072,-0.002191,0.011366,0.006387,0.025148,0.027724,0.024166,0.019943,0.003289,-0.0029,0.017305,-0.011683,-0.011821,-0.00108,0.011291,0.013819,-0.000592
2022-04-15,-0.00337,0.013424,0.019229,0.004132,-0.013791,-0.011575,0.019966,0.020205,0.013829,0.011231,-0.008597,0.013501,0.029072,-0.013586,0.007014,0.009323,-0.009669,0.007262,-0.007068,-0.012719
2022-04-18,0.01225,0.029302,0.015229,0.006902,0.023362,0.024994,0.038277,0.017615,0.032301,0.028991,0.002602,0.046046,-0.007378,0.040459,0.035558,0.021432,0.001679,-1e-05,0.029268,0.028812
2022-04-19,0.02883,0.009655,0.01489,0.009384,0.020698,0.015868,0.015479,0.001529,0.013379,0.016783,0.008953,0.018775,0.001363,0.005211,0.004762,0.010258,-0.003838,0.010677,0.006868,-0.007856
2022-04-20,0.014506,0.000375,-0.02575,0.000227,-0.011012,-0.004131,0.015225,-0.005136,0.012588,-0.000719,0.011806,-0.031642,-0.024209,-0.024744,-0.001137,-0.01665,-0.011635,0.011578,0.009073,-0.014156
2022-04-21,0.008857,-0.001491,-0.006784,-0.010583,0.002709,-0.009621,0.001934,-0.002007,0.014789,0.005648,-0.028566,0.017313,0.030123,0.002949,-0.001368,-0.026451,-0.014548,-0.008266,-0.035771,-0.021469
2022-04-22,0.049666,0.04846,0.027145,0.034693,0.053689,0.021776,0.007704,0.017876,-0.004519,0.012341,0.027423,0.012125,-0.000637,-0.003431,0.039707,-0.023058,0.003491,-0.012802,-0.001824,0.041852
2022-04-25,0.034689,0.028259,0.039588,0.026499,0.028735,0.033578,0.001269,0.016313,0.006094,0.01647,-0.024486,0.016503,0.039625,0.018843,0.024874,0.030635,0.022534,0.004042,0.025091,0.036366
2022-04-26,-0.017244,-0.012821,-0.045731,-0.00112,-0.019103,-0.012718,0.003234,0.013024,-0.004519,-0.003068,0.009924,0.015782,0.003025,0.000957,-0.002911,0.0126,0.003458,0.016519,0.00456,0.005536
2022-04-27,0.006741,0.009622,-0.008345,0.008169,0.007719,0.004506,0.044599,0.023592,0.032026,0.036515,0.012571,0.016541,-0.023872,-0.000497,-0.003507,-0.003494,0.030992,0.02545,-0.008047,0.014547
2022-04-28,0.026535,0.011424,-0.008492,0.006341,0.014357,-0.006522,-0.000682,-0.002697,0.015106,0.009042,0.016023,-0.00348,0.014563,0.013274,0.014471,-0.001146,0.029316,-0.000671,0.015756,-0.012475
2022-04-29,0.02759,0.009426,0.011798,0.024354,0.009118,-0.01029,-0.008741,-0.01131,0.007462,0.016534,0.005331,0.001341,0.004581,-0.032756,-0.017134,0.020888,-0.006329,0.019753,0.031905,0.018714
2022-05-02,-0.011121,-0.007862,-0.015251,0.005418,-0.011575,-0.007573,-0.041169,-0.015317,-0.010615,0.000903,-0.008347,-0.005643,-0.014692,-0.000643,-0.001329,-0.035765,-0.016267,-0.010673,-0.009887,-0.004302
2022-05-03,-0.01048,-0.017686,-0.018018,-0.011442,0.007739,-0.001643,-0.010464,0.003352,-0.003913,0.006692,0.00811,-0.007195,-0.028043,-0.024385,-0.031732,0.004815,-0.007984,0.022427,-0.018439,0.047776
2022-05-04,-0.013711,-0.004346,-0.0207,-0.012913,-0.009226,-0.004713,0.013832,-0.001831,5.5e-05,0.008963,0.005772,0.012505,-0.030633,0.010977,-0.000258,0.005675,-0.01915,-0.012707,-0.016884,7.2e-05
2022-05-05,-0.012376,0.014796,0.012998,-0.013575,-0.00251,-0.011735,-0.029948,-0.035096,-0.007675,-0.014569,-0.014613,-0.00633,-0.01977,-0.006881,0.007333,0.019436,0.004926,-0.001811,0.031806,0.027386
2022-05-06,0.004595,-0.009311,-0.009584,-0.02268,-0.006852,-0.007114,-0.013493,-0.019124,-0.022507,-0.019724,0.010169,-0.028027,0.036406,0.026289,0.035998,0.004633,0.01572,0.020122,0.011894,0.000737
2022-05-09,-0.020752,0.00089,-0.024803,-0.018988,-0.011276,-0.015413,-0.008736,0.003372,0.002976,-0.002322,-0.025325,0.004894,-0.00048,-0.007806,-0.003707,0.013034,-0.027901,0.006239,0.009566,0.030731
2022-05-10,0.029292,0.001523,-0.014419,0.001658,0.01756,0.005561,-0.033681,-0.000497,-0.008878,0.000299,0.006739,0.031879,0.018125,0.016475,0.037775,0.004536,-0.017157,-0.007666,0.007718,-0.028423
2022-05-11,-0.018019,0.003432,0.010422,-0.019047,0.000758,0.000234,0.007324,0.030207,0.02771,0.033163,0.029614,0.007497,-0.010089,0.032561,0.014565,0.010256,-0.048867,-0.021183,-0.012359,-0.040011
2022-05-12,-0.04743,-0.042004,-0.003638,-0.029235,-0.019314,-0.042216,0.007574,0.022815,0.019098,0.007467,0.011413,0.005064,-0.008002,-0.014914,-0.010986,-0.005986,0.005011,0.014358,0.003453,-0.006415
2022-05-13,0.010092,0.020571,-0.023368,0.01545,0.001264,0.005922,0.036941,0.016666,0.01704,0.00505,0.021057,-0.005038,-0.017565,-0.012393,-0.002705,-0.012554,0.002737,0.007354,0.006161,0.002413
2022-05-16,0.003053,0.009223,-0.000767,0.007029,0.004108,0.012965,0.020164,0.011783,0.012146,0.019112,0.01685,-0.008915,-0.023687,-0.015646,-0.00553,-0.015621,-0.010926,-0.002332,0.010271,-0.004094
2022-05-17,0.00879,-0.006588,0.0109,-0.002906,-0.004953,-0.00082,0.009752,0.011957,-0.03253,-0.015628,0.007421,0.011154,-0.008218,0.000159,-0.013715,-0.017561,-0.015282,0.002583,-0.013165,-0.014724
2022-05-18,-0.024525,0.001411,0.004569,-0.013856,-0.008436,-0.003708,-0.021598,-0.016469,0.007808,0.001557,0.009961,0.040936,0.023771,-0.00732,-0.019416,-0.000382,0.020159,0.015588,0.010479,-0.010683
2022-05-19,0.003222,0.018188,0.001581,0.016093,0.009994,0.009885,0.009919,-0.011387,-0.029283,-0.009009,0.00468,0.001705,-0.005734,-0.036022,-0.027766,0.017865,0.017411,-0.010668,0.012546,0.011529
2022-05-20,0.011698,0.010682,-0.012491,-0.004827,0.00074,0.012229,-0.006407,-0.00749,-0.009677,-0.021156,-0.00614,-0.012475,0.003741,0.014639,0.021327,0.001457,0.008482,0.009429,0.020772,0.002966
2022-05-23,0.014074,-0.004887,0.000818,-0.006662,-0.003235,-0.007459,-0.024462,0.00488,-0.020762,-0.004753,0.001578,0.032895,0.017289,0.038343,0.0017,0.003766,0.014269,-0.001657,-0.017773,0.001483
2022-05-24,-0.032411,-0.026243,-0.003635,-0.038511,-0.036537,-0.024228,-0.024337,-0.023146,-0.004917,-0.029262,-0.049614,-0.035503,-0.013805,-0.027709,-0.028129,-0.008204,-0.041345,-0.024256,-0.033385,-0.048807
2022-05-25,0.018217,0.004949,-0.017609,0.003365,0.003118,0.009021,-0.030572,-0.015565,-0.014256,-0.014555,0.004156,0.006683,0.00361,0.005201,-0.03052,0.019909,-0.00667,0.03141,0.042521,0.011782
2022-05-26,-0.001664,-0.000338,0.000819,0.010697,0.014244,0.017897,0.021335,0.01806,0.028794,0.013065,0.03341,0.00295,0.008245,-0.001847,-0.015793,0.011361,-0.015676,0.055034,-0.009087,0.003366
2022-05-27,0.005424,0.011749,-0.00736,0.010274,0.005885,-0.002108,-0.015537,0.009615,0.016403,-0.004325,-0.018377,-0.003068,-0.007834,0.000331,-0.014328,-0.018788,-0.006202,-0.033255,0.001885,0.000172
2022-05-30,0.014206,0.013368,0.006188,0.010296,-0.002032,0.014421,0.013214,0.022728,0.005097,0.016543,-0.016172,-0.01491,0.00526,0.017555,0.012465,-0.006146,0.003421,-0.001942,-0.018803,0.00385
2022-05-31,-0.001131,0.014306,-0.004214,0.006627,-0.008366,0.005454,-0.001991,0.002253,-0.012609,-0.005068,0.002778,0.00657,-0.024374,-0.006394,-0.019738,-0.024864,-0.042199,-0.052322,-0.018098,-0.001497
2022-06-01,-0.016754,-0.0277,-0.003416,-0.017809,-0.027398,-0.001272,-0.000364,-0.037914,-0.013795,-0.025898,-0.013251,0.008729,0.010261,0.028257,-0.0049,0.000206,-0.026138,-0.032975,0.015009,-0.005591
2022-06-02,-0.010997,0.004976,0.002138,0.012133,-0.014652,0.008208,0.000722,-0.014168,-0.002077,-0.003287,-0.014939,-0.003519,-0.012426,-0.013283,-0.016389,-0.007748,-0.023915,-0.003932,-0.009488,0.003155
2022-06-03,0.000968,0.021421,-0.006116,0.028975,0.015665,0.011098,0.019411,-0.016927,-0.0085,-0.006032,-0.021588,-0.011802,-0.010867,0.015967,-0.002888,0.013511,0.014596,-0.00236,-0.007805,0.0087
2022-06-06,0.019112,-0.006085,0.00174,0.009837,0.006954,0.007387,0.017401,0.024591,0.027092,0.028344,0.009454,0.007175,0.040964,-0.003024,0.012728,0.015491,-0.004566,-0.01462,0.007684,-0.006953
2022-06-07,0.009871,-0.011979,-0.014834,-0.007077,-0.004517,-0.002569,-0.020984,-0.004272,-0.00512,-0.01637,-0.024177,-0.019503,0.01229,-0.023564,-0.024711,-0.016999,0.002846,-0.021446,-0.001202,-0.009688
2022-06-08,-0.005773,-0.020609,-0.011268,-0.00395,-0.010647,-0.017136,0.028838,-0.025055,-0.029246,0.012629,0.014305,0.007631,-0.003067,-0.034114,-0.00275,0.016098,0.013781,0.036643,-0.006306,0.006713
2022-06-09,-0.000752,-0.011192,-0.049429,-0.027029,-0.022891,-0.0203,-0.028676,-0.01271,0.010658,-0.011663,0.009351,0.003359,-0.002427,0.001895,-0.019208,-0.033488,-0.049365,-0.043242,-0.024913,-0.014596
2022-06-10,0.002115,-0.000588,0.006761,0.001286,0.004117,0.001845,0.020432,-0.012589,-0.010366,-0.008041,-0.011955,0.0383,0.012546,0.039945,-0.003137,-0.011495,0.019421,0.02665,-0.020959,0.012239
2022-06-13,-0.015856,-0.017931,-0.02456,-0.017793,-0.014078,-0.02221,0.001526,-0.018407,0.020001,-0.002054,-0.011038,0.011359,-0.004532,-0.010375,0.006069,-0.004784,0.003522,-0.021018,-0.003486,-0.022262
2022-06-14,0.023622,0.007152,0.014428,0.015636,-0.002519,-0.006014,-0.023449,-0.020595,-0.031429,-0.017724,-0.01885,-0.04194,0.01561,-0.00151,0.010718,-0.001043,-0.027028,-0.004215,-0.003736,0.009651
2022-06-15,-0.018385,-0.000257,-0.002231,-0.019851,-0.007562,-0.011344,-0.023661,0.007473,0.023755,0.002449,-0.00371,-0.035591,0.017824,-0.016845,-0.000683,-0.02857,-0.020252,-0.019483,-0.031818,-0.013967
2022-06-16,-0.0061,-0.017719,0.000696,-0.007439,-0.014052,-0.004369,-0.013283,-0.011544,-0.002786,0.001268,-0.002053,-0.018831,0.01573,-0.004625,0.015519,0.004988,0.010809,-0.005473,-0.005205,0.015857
2022-06-17,0.005514,0.004941,-0.018547,0.002495,0.007484,0.021328,-0.031639,-0.011999,-0.026267,-0.005927,-0.020257,0.027564,0.031338,0.017488,0.002451,-0.00319,0.001558,-0.022835,-0.02234,-0.017648
2022-06-20,-0.030432,-0.009337,-0.003324,-0.023161,-0.012597,-0.011117,-0.010383,-0.007161,-0.007232,-0.003915,-0.013928,-0.01304,-0.00251,0.004673,-0.00958,-0.018163,-0.023833,-0.01691,-0.000323,-0.009081
2022-06-21,-7.6e-05,-0.001217,-0.000414,0.000268,0.008623,-0.002762,-0.031082,-0.00859,-0.00451,-0.002335,0.001742,0.037683,-0.02326,0.011227,-0.003903,0.004583,-0.009628,-0.021315,0.024047,0.009862
2022-06-22,0.004112,0.019198,0.008567,-0.002212,0.01897,0.001509,0.001567,0.018181,0.029246,0.031102,0.062264,-0.019064,0.002602,0.010834,0.00736,0.024731,0.024527,0.010793,0.022922,0.02904
2022-06-23,-0.01047,0.003492,0.005198,-0.010738,-0.018064,-0.008062,-0.037298,-0.011472,0.001104,-0.018694,0.001346,-0.00485,-0.020943,-0.01765,0.001537,0.011516,0.016398,-0.011518,3.7e-05,-0.00177
2022-06-24,0.019518,0.008744,0.009458,0.001759,0.009496,0.006088,0.020928,-0.003006,-0.00897,0.002528,0.002347,0.035042,0.014796,0.01639,-0.003365,-0.010548,-0.055668,-0.019797,-0.01292,-0.021435
2022-06-27,0.00237,0.01216,0.000722,-0.010718,-0.002045,-0.007069,-0.005098,0.011894,0.040534,0.004987,-0.00523,0.01007,0.012299,-0.004463,0.040214,-0.002405,-0.015611,0.01544,0.019417,0.010786
2022-06-28,-0.00957,-0.004845,-0.008371,-6.7e-05,-0.001951,-0.002638,0.00664,0.015435,-0.000183,0.016069,0.009077,-0.029771,-0.051436,0.008041,-0.020015,-0.016496,-0.007046,0.009061,0.001935,0.009671
2022-06-29,0.002758,0.002086,0.000661,-0.013812,-0.006985,0.011109,-0.022409,-0.01651,-0.012259,-0.00664,0.007597,-0.038129,0.037221,-0.013581,-0.01252,-0.013645,-0.004886,-0.015173,-0.023618,-0.008621
2022-06-30,-0.004069,-0.002862,0.009207,-0.010732,-0.009994,-0.001692,-0.029273,-0.04152,-0.015334,-0.02561,-0.014527,-0.011106,-0.01925,-0.017305,-0.022161,-0.013911,0.006326,0.000258,-0.017231,-0.006985
2022-07-01,-0.010122,-0.021971,0.01148,-0.00427,-0.024822,-0.019194,0.004125,0.002792,0.010384,-0.003699,0.014391,-0.010596,0.00803,0.023224,0.005857,-0.000369,-0.039394,-0.020629,0.01714,-0.002029
2022-07-04,-0.000147,0.000194,-0.00958,0.005254,0.006911,0.002792,-0.016609,0.000818,-0.000514,-0.015499,0.005899,0.003754,0.008158,-0.024902,-0.002939,0.005207,-0.007518,-0.008232,0.003443,0.024607
2022-07-05,-0.014765,0.004189,-0.03355,-0.012512,-0.018523,-0.0039,0.015509,0.014324,0.022248,0.004614,0.012755,0.024806,0.005125,0.015021,0.01003,-0.005754,-0.00113,0.015238,-0.011591,-0.028368
2022-07-06,0.018574,0.024233,-0.000251,0.023502,0.026744,0.014966,0.006692,0.009342,-0.006835,0.011547,0.044945,0.023789,0.032269,-0.010517,0.00845,0.005993,-0.000462,0.007429,-0.001412,0.029806
2022-07-07,-0.015753,-0.014335,-0.031743,-0.019418,-0.010622,-0.015896,-0.004813,-0.014187,-0.018793,-0.018128,-0.019428,-1.5e-05,-0.034755,-0.03594,-0.031081,0.017235,0.000634,0.00372,0.018783,0.0102
2022-07-08,0.001795,0.003722,0.001343,-0.004691,-0.006297,0.00711,0.03642,0.010531,0.009935,0.013999,0.017155,-0.01804,-0.038737,-0.018224,-0.009787,0.005205,-0.010725,-0.042581,0.020842,0.010846
2022-07-11,0.011266,0.027057,0.02845,-0.000439,0.0076,0.009103,0.021501,0.010167,-0.000302,0.015401,0.003439,-0.023298,0.005919,-0.031589,-0.003519,0.021004,0.03166,0.026698,0.016699,0.007212
2022-07-12,0.01867,0.026676,0.005698,0.024221,0.020351,0.013955,0.014467,-0.002919,-0.002754,0.002402,0.018431,0.015755,0.018682,0.018434,0.027474,0.005164,0.005193,-0.00784,-0.002989,-0.014113
2022-07-13,0.003376,-0.005003,-0.034822,0.006688,-0.007695,-0.004113,-0.025325,0.000584,0.006568,-0.013776,-0.007013,-0.044891,-0.001746,-0.054213,-0.039748,0.007455,0.005996,-0.014431,-0.034233,-0.014173
2022-07-14,-0.007857,-0.015688,-0.03978,-0.023718,-0.022341,-0.039234,0.020553,-0.019109,-0.022857,-0.003919,-0.013781,-0.001877,-0.010179,-0.007344,-0.014386,-0.018978,-0.010526,-0.011456,-0.031568,-0.000938
2022-07-15,-0.008396,0.008728,0.013129,-0.009777,-0.001216,-0.002545,0.00029,0.010504,-0.012231,-0.007582,0.011499,-0.007879,-0.003975,-0.018603,-0.028901,-0.005426,0.038919,0.009746,0.01885,-0.011154
2022-07-18,0.024958,0.033779,0.044483,0.016198,0.015055,0.03567,0.02144,0.020102,0.02647,0.009421,0.018381,0.016014,-0.000189,0.050902,0.034678,0.039051,0.025136,0.033206,0.012284,0.063026
2022-07-19,0.020643,-0.006224,0.025306,0.000892,-0.002518,-0.00769,0.011048,0.014186,-0.000854,0.008652,0.01773,-0.027949,-0.019821,-0.007531,-0.002805,-0.010838,-0.022911,-0.015583,-0.008797,0.001272
2022-07-20,-0.022674,0.007235,0.00049,0.008023,0.008732,0.007311,0.025661,0.00122,0.003248,0.008671,0.001258,-0.043006,-0.013263,-0.002683,-0.027085,-0.018795,-0.007893,-0.014673,-4.9e-05,0.025736
2022-07-21,0.00844,0.005175,-0.001786,0.011595,0.013666,0.012381,-0.009612,-0.007321,-0.022606,-0.003123,-0.027202,-0.006079,-0.005565,0.005551,0.008044,0.016484,-0.013192,0.00206,0.009976,-0.023597
2022-07-22,-0.008278,-0.001204,-0.013135,-0.013699,-0.012086,-0.005964,-0.00761,-0.047277,-0.002171,-0.019669,-0.022007,-0.019208,-0.021077,-0.021124,-0.000427,-0.00676,0.006236,0.00987,-0.040571,-0.007426
2022-07-25,0.012175,-0.006118,0.014087,0.002136,0.017179,0.0095,0.025162,0.014462,0.030525,0.021134,0.040632,0.035154,0.023579,0.02623,0.019969,-0.005028,0.009328,0.028138,0.003369,0.051781
2022-07-26,0.010762,0.006802,0.007781,-0.005036,0.008097,0.00514,0.002858,0.025834,0.029387,0.030019,0.03176,0.007695,0.036569,-0.007559,0.012782,0.006001,0.008828,0.007125,-0.005557,0.0201
2022-07-27,0.008078,0.011806,0.014147,0.013125,0.013576,0.007906,-0.000591,0.001863,-0.005234,0.000121,0.03401,0.013244,0.03814,0.029721,0.013022,0.02201,-0.011578,-0.017996,0.012985,0.013409
2022-07-28,-0.011356,-0.00764,0.000907,-0.018836,-0.006095,-0.010148,-0.025053,-0.009323,-0.006228,-0.013676,-0.012895,0.027416,0.015063,-0.006362,0.003984,0.020028,-0.03015,-0.018468,-0.006368,-0.008659
2022-07-29,-0.028416,-0.008405,-0.04467,-0.02506,-0.009233,-0.012248,0.000623,-0.013244,-0.012665,-0.030985,-0.015087,0.022805,0.025891,0.00228,0.004816,-0.020494,-0.001981,0.010138,0.015286,-0.010178
2022-08-01,0.021484,0.0109,-0.012269,-0.000237,0.015487,0.024418,0.027241,0.005686,0.009772,0.0157,0.005209,0.014929,0.015366,0.023002,0.011356,-0.008006,-0.009198,0.026639,0.005823,-0.001685
2022-08-02,0.005168,-0.005712,0.014394,-0.020765,0.007295,-0.008493,0.016409,0.011412,-0.01674,0.004951,0.019411,0.011208,0.005295,-0.03194,-0.018116,-0.014344,0.013116,0.004996,-0.00412,-0.016565
2022-08-03,0.020008,0.013442,0.005108,0.017213,0.00416,0.024995,-0.028689,-0.010973,-0.032117,-0.00171,0.00414,-0.037482,-0.044871,-0.030168,-0.013842,-0.015457,0.013863,-0.023011,0.003103,-0.002602
2022-08-04,0.013566,0.017363,0.017504,0.016653,0.007161,0.007349,0.027413,0.022764,0.008424,0.0128,-0.01015,0.011372,0.009028,-0.004984,0.013913,0.011919,-0.013814,0.011876,-0.000617,0.016014
2022-08-05,-0.011118,-0.004266,-0.000851,-0.0129,-0.016053,-0.012015,-0.033676,-0.018892,-0.004718,-0.000898,0.008468,-0.007933,-0.010408,0.009411,-0.015334,-0.024103,-0.005715,-0.000263,-0.01492,-0.038847
2022-08-08,0.011376,0.005407,-0.022214,0.007413,0.002256,0.004077,-0.02692,-0.020427,-0.013182,-0.011707,-0.017991,0.007035,0.01331,0.026451,0.013356,0.000994,-0.017827,0.012634,0.006073,-0.009863
2022-08-09,-0.001554,-0.005863,-0.035689,0.001367,-0.004574,-0.006958,-0.011026,-0.026611,-0.007546,-0.027908,-0.019725,-0.007551,-0.011063,0.017674,0.011502,0.007443,-0.016175,0.024814,0.006654,0.053107
2022-08-10,-0.000946,-0.004783,-0.022806,0.025604,0.02435,0.005739,-0.014436,0.014771,0.026243,0.009679,-0.001647,0.009209,-0.008694,0.008813,0.003578,-0.001919,-0.007137,0.022482,0.006865,0.003283
2022-08-11,-0.003343,0.011437,-0.019266,-0.024788,-0.019098,-0.00687,0.021332,0.004979,-0.000898,-0.009387,0.006683,-0.018447,0.006818,-0.005034,-0.014236,-0.024441,0.019881,-0.019068,0.015613,-0.018038
2022-08-12,0.014746,0.008711,0.010227,0.007856,-0.00124,0.005348,-0.012702,-0.00207,0.006755,0.000732,-0.015989,0.006269,0.023122,0.024721,0.013601,0.002388,-0.010272,0.001002,-0.002313,-0.017721
2022-08-15,0.025782,0.007892,-0.009052,0.008927,0.002707,0.006354,-0.008149,-0.012888,0.005677,-0.001096,-0.043286,0.029544,-0.001779,-0.017914,-0.035878,0.001099,0.010011,0.018813,-0.024935,-0.018049
2022-08-16,0.013885,0.012058,-0.02259,0.009477,-0.001022,-0.005541,0.023894,0.037644,0.014536,0.037556,0.006646,0.012625,0.007347,0.014535,0.037458,-0.021902,-0.022742,-0.008827,-0.02205,-0.003073
2022-08-17,-0.024399,-0.020166,0.009203,0.007369,-0.00163,-0.00153,-0.003875,0.005085,0.008229,0.009761,-0.007289,-0.016325,-0.015457,-0.000366,-0.012987,0.018509,-0.024907,-0.02437,0.019946,0.001922
2022-08-18,0.014777,0.025697,0.023525,0.029125,0.007075,0.014957,0.009191,0.003047,-0.002732,-0.005012,-0.005032,0.027445,0.011532,-0.012473,0.013004,-0.023632,-0.012855,-0.005858,-0.014385,-0.020191
2022-08-19,-0.024164,-0.019626,-0.011719,-0.029995,-0.012273,-0.028292,-0.009497,-0.021433,-0.03027,-0.006806,-0.022437,-0.017019,-0.041514,-0.016591,-0.037241,-3.5e-05,0.003764,-0.002939,0.005423,-0.012578
2022-08-22,0.028699,0.011462,-0.012697,0.018429,0.028251,0.017166,0.026657,0.015874,0.033355,0.03869,0.025679,-0.011148,-0.005811,0.036729,0.032879,0.014346,0.002645,-0.000623,0.003103,0.020285
2022-08-23,-0.013018,-0.002274,-0.003222,0.015101,-0.002311,-0.016052,0.002436,0.013835,0.006779,0.006387,0.003178,0.001462,0.012286,0.011169,0.002121,0.011786,-0.025914,0.007972,-0.003518,0.015851
2022-08-24,0.007727,0.009457,-0.008774,0.009734,0.004541,0.005545,-0.027135,-0.019481,-0.030423,-0.013283,0.021675,-0.005364,0.002663,-0.024604,-0.013181,0.028912,-0.00923,0.003982,-0.007928,0.025132
2022-08-25,-0.008046,-0.017732,0.010652,0.011166,0.003098,-0.021531,0.007651,0.025828,0.022989,0.01684,-0.018917,-0.012508,0.032448,0.006595,-0.005267,0.006687,-0.029477,-0.00511,0.020397,-0.017823
2022-08-26,-0.006678,-0.006981,-0.020873,-0.035314,-0.007595,-0.014674,-0.003016,-0.020507,-0.003012,-0.020917,-0.01962,0.002033,0.010569,0.040529,0.021298,0.007523,0.023841,0.011396,0.004713,0.010901
2022-08-29,-0.018895,-0.009122,0.00077,-0.018114,-0.01419,-0.014128,0.007135,-0.007555,-0.01314,-0.009404,-0.010071,0.007993,-0.004512,-0.006895,-0.00954,0.019637,0.024456,0.003974,0.017374,-0.008521
2022-08-30,0.010131,0.016592,0.048621,0.005562,0.021185,0.008933,0.00043,-0.015611,0.0244,0.007406,0.000435,0.002744,-0.030548,0.012175,0.003711,0.012308,0.002561,0.020103,0.028418,-0.004056
2022-08-31,0.015122,-0.005246,-0.022073,-0.008063,0.003476,-0.015987,0.001004,-0.022313,-0.018567,-0.033183,-0.043532,-0.018365,-0.007629,-0.02625,-0.019679,-0.002935,-0.007644,-0.023932,-0.014079,-0.022219
2022-09-01,-0.039968,-0.015151,-0.034851,-0.01854,-0.017913,-0.013752,0.020318,0.029002,0.03399,0.017524,0.011898,0.023839,0.025836,0.020931,0.028779,-0.008256,-0.015179,-0.01383,-0.029388,0.011059
2022-09-02,-0.003846,-0.024831,-0.032719,-0.00645,-0.002736,0.005927,0.015678,0.013003,0.020641,0.006913,0.012621,-0.001807,-0.005835,-0.005656,0.015485,0.003655,-0.034064,0.006507,-0.01197,-0.017657
2022-09-05,-0.013025,0.004508,-0.01982,-0.018032,-0.007441,-0.006997,0.021452,0.006513,0.006378,0.017856,-0.012019,-0.020028,0.011996,-0.005457,-0.013349,-0.009125,0.017298,-0.014392,0.004954,0.021852
2022-09-06,0.012618,0.007548,0.010311,0.020786,0.00895,0.014652,0.019231,0.0015,0.013439,0.005469,0.040593,0.00684,-0.01384,0.002346,0.009436,-0.007435,0.020627,0.008695,0.007299,0.0057
2022-09-07,-0.009513,-0.006473,0.030796,-0.01824,-0.009062,-0.007081,0.005321,-0.011069,-0.022452,0.001175,-0.004077,-0.007314,0.003066,-0.007839,-0.014551,-0.001902,0.001622,-0.018747,-0.032522,0.005455
2022-09-08,-0.030354,-0.016206,-0.007361,-0.039274,-0.024579,-0.028036,-0.021237,-0.016538,-0.004141,0.002625,-0.008185,-0.003178,0.027812,-0.034233,-0.038514,0.019721,-0.015625,0.004047,-0.010119,-0.014554
2022-09-09,0.00565,0.004675,0.001754,0.009362,0.014916,0.014006,0.008516,-0.025854,0.001439,-0.019706,0.0103,-0.019829,-0.023655,-0.00937,-0.006616,0.012458,-0.003359,-0.003437,0.002681,0.015389
2022-09-12,0.018743,0.003519,0.038204,0.013366,0.009291,-0.009001,0.014804,0.002544,0.021207,-0.005792,0.001664,-0.011735,-0.017107,-0.010327,-0.002251,-0.001537,0.019361,-0.001758,0.018032,0.04893
2022-09-13,0.002216,-0.010326,-0.005882,0.038615,-0.002004,0.016183,0.007001,-0.000742,-0.010476,-0.013396,0.015755,0.000587,0.021417,0.002148,0.014463,-0.020007,0.00218,-0.031285,-0.038384,-0.010571
2022-09-14,0.025582,-0.001363,0.048555,-0.002632,-0.001127,0.011435,0.018656,0.015063,0.000127,-0.003593,-0.003335,-0.039694,0.0102,-0.001084,-0.001125,0.00035,0.015226,-0.01576,0.01782,0.000788
2022-09-15,-0.018686,-0.026329,-0.037186,-0.01332,-0.013703,-0.014694,-0.019933,-0.006967,-0.019403,-0.005808,-0.004866,-0.014814,-0.058907,-0.01369,-0.022936,-0.018067,0.003767,-0.033358,-0.005981,0.010996
2022-09-16,0.021268,0.03441,0.022197,0.023526,0.01415,0.003826,0.021634,0.034714,0.031785,0.002847,0.019033,0.022806,0.015239,0.021833,0.013226,0.016628,-0.016234,0.014944,0.006106,0.027631
2022-09-19,-0.01291,-0.001277,-0.003797,-0.021644,0.000185,-0.007063,-0.027576,-0.030875,-0.018949,-0.001329,-0.024253,0.008852,0.004167,0.006356,0.02776,0.00225,-0.007695,0.028232,0.02481,-0.005977
2022-09-20,0.023332,-0.003758,0.00606,0.01601,0.005146,0.016614,0.012006,0.026832,-0.031118,0.022597,0.015195,-0.0169,-0.020848,0.001322,-0.025731,-0.024662,-0.014413,-0.009689,-0.044737,-0.027965
2022-09-21,-0.04158,-0.022698,-0.029035,-0.030631,-0.02583,-0.026305,0.012262,0.006983,0.001414,0.014674,0.006842,-0.024803,0.004427,-0.04198,-0.023182,-0.000226,-0.018814,0.014695,0.008161,-0.03126
2022-09-22,0.026924,0.012257,0.045748,0.02221,0.018279,0.013072,0.019955,0.011672,0.000281,0.024411,0.033171,0.005138,0.036008,0.005172,0.003153,0.004338,0.020455,0.011907,0.011458,0.010644
2022-09-23,-0.019632,0.00581,0.022707,-0.008649,-0.011873,-0.022912,-0.021246,-0.027778,0.001125,-0.018416,-0.00341,-0.008328,-0.038881,0.000916,-0.02221,0.017482,-0.016026,0.019541,-0.005315,-0.042351
2022-09-26,-0.010942,-0.00798,-0.029375,-0.016182,-0.012676,-0.010435,0.002411,0.011106,0.029796,0.007322,0.013483,-0.001128,-0.024371,-0.020414,0.000181,-0.00873,0.007849,-0.007609,0.009541,-0.016751
2022-09-27,0.002574,0.028188,0.044739,-0.002107,0.021253,0.012374,0.015597,0.0393,0.002856,0.00565,0.018522,-0.001814,-0.010297,-0.005636,0.016093,-0.00404,-0.006646,-0.015827,-0.011411,0.015982
2022-09-28,0.024266,0.019386,0.024382,0.008249,0.019996,0.016718,-0.030588,0.009528,0.027661,-0.004599,0.025181,0.020024,-0.00271,-0.021817,-0.007814,-0.016625,-0.018357,-0.038251,-0.02901,-0.015279
2022-09-29,-0.01655,-0.000483,0.008345,0.008352,-0.005524,-0.008989,0.00262,-0.022751,-0.033712,-0.033607,-0.014192,0.026746,0.028034,-0.019276,-0.017084,-0.005199,-0.010824,0.0376,-0.004897,0.007894
2022-09-30,0.013314,0.007379,0.045684,-0.002593,0.020972,-0.002013,0.002922,-0.001423,0.003136,0.00249,-0.005149,0.016767,-0.021734,0.029549,0.004255,-0.008327,-0.040462,-0.009482,0.005592,-0.005974
2022-10-03,0.030872,0.022017,-0.008355,0.040531,0.025584,0.034125,0.028116,0.000963,0.005537,-0.005489,-0.015668,-0.015388,-0.005503,0.00965,-0.007965,-0.00648,-0.038192,-0.014236,-0.021666,0.007067
2022-10-04,0.002783,0.004742,0.0101,0.018422,0.007266,0.003725,-0.006062,-0.024753,-0.021592,-0.008835,-0.018529,-0.042758,-0.051717,-0.017895,-0.025869,0.004468,0.000383,0.008323,0.016868,-0.005922
2022-10-05,0.003602,0.011665,0.001876,0.035944,0.002318,0.022835,-0.009115,0.010459,0.007131,-0.009594,-0.002026,0.029007,0.011554,0.018751,0.005839,0.010278,0.015175,0.036409,0.00933,0.012268
2022-10-06,-0.016958,-0.006578,-0.008507,-0.028557,-0.015817,-0.018847,0.025124,0.015096,0.005304,0.024437,0.014398,-0.004153,0.005647,0.009375,0.002009,-0.001509,0.02017,-0.025123,0.005451,-0.043091
2022-10-07,-0.008286,-0.013058,-0.012635,-0.015464,-0.017461,-0.010532,-0.021405,-0.006781,0.003131,1.7e-05,0.008078,-0.003527,-0.011332,0.007523,0.002503,0.008015,0.021965,0.019243,-0.026892,0.001371
2022-10-10,-0.017026,-0.014681,-0.026426,0.00141,-0.002494,-0.020022,-0.01525,0.015079,-0.007414,0.00285,0.009149,-0.021044,-0.019521,0.001045,-0.043673,-0.008692,-0.006982,0.010267,0.018524,-0.006724
2022-10-11,-0.005292,0.005266,0.001858,0.009356,0.015128,-0.005303,0.00401,-0.000118,-0.028983,-0.008729,0.005559,0.01024,0.008309,0.014371,0.013939,-0.000525,0.019612,-0.003801,0.007957,0.008376
2022-10-12,-0.009061,-0.006942,-0.015463,-0.001268,0.002151,-0.018999,-0.001919,0.006472,0.001854,0.005299,0.016893,-0.008949,0.02223,0.003004,-0.015889,0.004979,-0.016052,0.004879,0.01973,0.023701
2022-10-13,0.007059,-0.004519,0.000709,-0.025988,0.005712,-0.008604,0.027996,-0.009948,0.024086,-0.008966,-0.015704,0.023112,0.021825,-0.010756,0.007555,0.007906,0.037456,0.0325,0.015876,0.018845
2022-10-14,0.011749,-0.012824,-0.019756,-0.004294,-0.00864,-0.00806,-0.002176,-0.003904,-0.027383,-0.008039,0.001299,-0.016934,0.020418,-0.036551,-0.01573,-0.009961,0.017922,0.00974,0.005693,-0.015247
2022-10-17,0.007579,0.011767,0.004959,0.012507,0.026503,0.023411,-0.003423,-0.001445,0.031549,-0.005784,-0.025554,0.00714,-0.021722,0.01149,-0.02934,0.02249,0.02665,-0.018452,0.005568,0.011044
2022-10-18,0.012415,0.012011,0.004068,0.001077,0.006758,0.004672,0.006345,0.008903,-0.018526,0.013391,0.007606,0.002598,0.025209,0.002103,0.004085,-0.003547,0.000151,-0.009222,-0.011423,-0.013525
2022-10-19,0.008527,0.022548,-0.010581,0.00232,0.016394,0.017071,0.016125,0.039378,0.026694,0.027466,0.050035,-0.007797,-0.017796,0.009941,0.00062,0.00433,-0.001865,-0.002525,0.011912,-0.030917
2022-10-20,0.007621,0.021827,0.010629,0.012275,0.013412,0.006143,-0.016435,-0.035513,-0.02449,-0.011674,0.007428,-0.008358,-0.004102,0.005721,-0.016659,-0.014706,-0.01948,-0.039698,-0.054453,-0.033492
2022-10-21,0.034431,0.040178,0.045819,0.024926,0.021066,0.027924,0.002979,-0.007855,0.017886,-0.011589,0.024318,0.01114,0.005906,-0.023741,0.012235,-0.008774,0.008183,-0.0147,0.011515,-0.001033
2022-10-24,0.010866,0.010555,0.009382,0.005486,0.018197,0.013664,-0.001023,0.030872,-0.02265,0.005935,0.031446,-0.015149,0.014924,0.047508,-0.014993,0.01194,0.02756,0.000113,0.041792,0.013949
2022-10-25,-0.010082,-0.024944,-0.008816,-0.024451,-0.019904,-0.039517,0.008109,0.005075,-0.011406,-0.007726,0.005766,0.021058,0.039727,-0.013333,-0.006108,-0.015571,-0.0021,0.010084,0.008187,-0.016704
2022-10-26,-0.010501,0.007286,-0.003252,0.006366,0.005755,-0.008511,-0.016206,-0.004643,-0.001686,0.012356,0.014249,-0.046315,-0.019051,-0.009783,-0.003207,-0.000457,-0.008012,0.009262,0.016914,0.015745
2022-10-27,0.001485,-0.00622,-0.004692,0.017803,0.000133,0.020634,-0.024641,-0.016164,-0.020322,-0.015291,-0.024068,-0.013911,-0.005956,0.013987,-0.018594,-0.017529,0.012776,-0.016798,0.011794,0.006559
2022-10-28,0.009872,0.010384,-0.004929,0.020028,0.016963,0.010298,0.022179,0.010478,0.004826,0.016772,-0.006897,-0.020534,-0.015027,0.023038,0.003735,0.00084,0.014717,0.015889,0.018627,0.006898
2022-10-31,-0.034887,-0.0231,-0.00649,-0.022699,-0.010162,-0.009299,0.004863,-0.008865,-0.009282,-0.008579,-0.022794,-0.030321,-0.01441,-0.044696,-0.029273,-0.000542,-0.019446,-0.008684,-0.02534,-0.006964
2022-11-01,0.031032,0.011945,0.024983,0.044104,0.026126,0.031508,-0.020146,-0.001941,-0.014124,-0.019294,-0.005732,-0.002793,0.016169,0.01942,-0.007304,0.015029,0.020154,0.012573,-0.010901,-0.027128
2022-11-02,0.000742,0.015765,0.026405,-0.009601,-0.008714,-0.012443,0.035902,0.030773,0.022839,0.019424,0.010657,0.002735,-0.019758,-0.020738,-0.01162,-0.004439,-0.015109,-0.036181,-0.017031,-0.018659
2022-11-03,-0.00818,-0.012141,0.0046,-0.00385,0.013582,-0.004333,0.023986,-0.003111,0.009335,0.000429,0.009241,0.034415,-0.015668,0.023863,0.025146,-0.012829,-0.049935,-0.01231,-0.025617,-0.006628
2022-11-04,-0.021144,-0.025136,-0.036487,-0.026565,-0.026893,-0.019661,-0.019807,-0.010741,0.001062,0.001522,-0.010882,-0.02784,-0.002322,-0.010569,-0.008038,-0.026968,-0.042112,-0.011933,-0.033051,-0.046557
2022-11-07,-0.014695,0.009347,0.013134,0.002694,0.002526,-0.00242,-0.033633,-0.006038,0.003908,0.001733,-0.001468,-0.013942,0.027782,0.000256,0.00264,-0.005958,0.035147,0.000856,0.015751,0.024584
2022-11-08,-0.010152,0.020915,-0.003682,-0.002649,0.005315,0.01159,-0.002034,-0.010291,-0.00127,-0.008719,0.033828,-0.028,-0.002366,-0.011351,-0.010295,0.001841,-0.020475,0.022455,0.020639,0.013938
2022-11-09,-0.000297,-0.004259,0.018872,-0.014229,-0.006223,0.001242,0.007026,0.020672,0.028944,0.012578,0.010983,0.043389,0.015514,0.043659,0.02655,0.015153,0.049924,0.001368,0.011883,-0.001982
2022-11-10,-0.007459,-0.012754,-0.002534,-0.018317,-0.016859,-0.007467,-0.02167,0.013556,-0.002608,0.007281,0.020572,0.02149,0.036929,0.034681,0.039246,0.00053,0.008579,-0.007907,0.036547,-0.024508
2022-11-11,-0.004516,-0.017606,-0.04011,-0.008578,-0.025135,-0.030484,-0.005227,-0.017373,0.002035,-0.014465,0.003113,-0.026376,0.003245,0.002652,-0.009548,-0.039861,-0.039373,-0.031854,-0.043913,-0.023403
2022-11-14,0.025072,0.004307,0.000456,-0.001303,0.017778,0.008411,0.056191,0.052942,0.040928,0.050341,0.037383,-8.8e-05,0.020968,0.006132,0.009276,0.031096,0.01526,0.016135,0.037027,0.015919
2022-11-15,0.004751,0.010168,-0.004883,0.0138,0.010439,0.001934,0.02547,0.004139,0.000833,0.006224,0.009774,0.010094,-0.018869,-0.007765,-0.008821,-0.006502,0.023378,-0.000909,0.005579,0.007246
2022-11-16,0.032297,0.02153,0.017199,0.024918,0.026766,0.02191,-0.008373,-0.003264,-0.001411,0.011421,-0.003397,0.019308,0.032917,0.002485,-0.003351,0.008987,0.01659,-0.027241,0.02229,-0.011367
2022-11-17,0.02032,-0.000677,0.02995,-0.000154,0.001697,-0.008654,-0.024759,-0.017773,-0.022202,-0.017918,-0.010329,0.005662,0.006538,-0.010607,0.004942,-0.005852,0.004531,0.006494,0.003306,0.005712
2022-11-18,0.014302,0.014395,0.000371,0.019718,0.016578,0.019137,-0.026757,-0.015447,0.00501,-0.026842,-0.012651,-0.010226,-0.023246,-0.009586,-0.017807,-0.003006,-0.026521,0.002009,-4e-05,0.001631
2022-11-21,-0.032651,-0.023257,-0.013712,0.003603,-0.006012,-0.024023,-0.032152,-0.014458,-0.010149,-0.014082,-0.005236,0.006239,-0.023235,0.003436,0.010327,-0.026506,-0.01233,-0.042013,-0.02926,-0.004707
2022-11-22,0.01241,-0.005659,0.013296,0.019996,0.002416,0.008261,-0.032765,-0.044207,-0.035677,-0.025303,-0.026403,-0.009022,-0.004475,-0.009291,-0.013407,0.012219,-0.000286,0.006635,0.012332,-0.003383
2022-11-23,-0.021118,-0.002486,-0.028565,-0.006677,-0.025064,-0.01853,-0.025257,-0.001449,-0.026997,-0.006945,-0.001507,-0.033077,-0.010543,-0.033819,-0.039436,0.010588,0.030688,-0.001405,0.005433,0.024347
2022-11-24,0.02148,-0.00489,-0.00187,0.00483,-0.01556,-0.008735,-0.020833,-0.012634,0.012124,0.002076,0.014253,0.017517,-0.000413,-0.002228,0.008869,-0.007663,0.005972,-0.018196,-0.021246,-0.036315
2022-11-25,-0.008963,-0.002245,0.016874,-0.023919,0.012255,0.004032,0.000841,-0.001785,0.006165,0.006455,-0.008729,0.025526,-0.000969,-0.015121,0.030448,0.000885,-0.009699,-0.000785,0.013224,-0.012649
2022-11-28,-0.008003,0.015031,0.027586,0.003225,-0.00229,-0.000357,0.001858,-0.009744,0.003346,-0.016033,-0.019955,0.018403,0.031301,0.028811,0.000194,-0.024047,0.00785,0.002992,-0.000396,-0.003243
2022-11-29,0.009325,-0.0001,0.015167,0.018758,-0.002106,-0.01036,-0.016751,0.0031,-0.014452,-0.01127,-0.01329,-0.014539,-0.002143,-0.022082,-0.009207,0.021245,0.00837,-0.005617,0.024452,0.001473
2022-11-30,0.010937,0.015834,0.016877,0.022748,0.010107,0.003187,-0.004596,0.005828,-0.005902,0.002246,-0.006843,-0.021326,-0.028955,-0.009381,-0.006779,-0.029077,-0.011048,-0.013747,-0.025415,-0.029119
2022-12-01,0.018918,-0.011944,0.008174,0.017554,0.012137,0.011042,-0.038306,-0.004294,0.003748,0.000525,0.002325,-0.015327,0.028931,0.00114,-0.01966,0.009252,-0.00197,0.004632,-0.005352,-0.025835
2022-12-02,0.009489,0.023192,0.010851,0.011083,0.017116,0.023695,-0.009039,-0.000509,-0.000652,-0.010808,-0.012129,0.017297,-0.004052,0.028863,0.000316,0.035072,-0.017058,-0.014657,0.008259,0.000413
2022-12-05,0.009073,-0.014733,0.003123,0.009367,0.004902,-0.003118,-0.004594,-0.012343,-0.013145,-0.007339,-0.028869,-0.0321,0.02648,-0.022066,-0.012125,0.010788,0.007055,0.005706,-0.003044,0.007929
2022-12-06,0.002781,-0.016609,-0.024361,-0.006918,-0.002369,-0.025124,0.029251,-0.002155,-0.027867,0.016103,0.010967,-0.006471,-0.004415,-0.011513,0.0041,-0.000448,-0.015244,0.017111,0.01456,-0.013121
2022-12-07,0.002204,-0.007562,0.00125,-0.005189,-0.00625,-0.007075,-0.014147,-0.009394,-0.020979,0.008037,-0.002674,-0.012731,-0.031255,-0.009702,0.018192,0.035111,0.039516,0.022844,0.010942,0.001451
2022-12-08,0.00456,0.029115,0.028397,0.031006,0.021041,0.025047,0.004451,0.000193,0.004188,0.008002,-0.020863,0.046009,0.029071,0.020636,-0.002336,-0.01518,-0.012734,-0.002602,0.001316,0.011459
2022-12-09,-0.007264,0.00348,-0.006854,0.007375,-0.004416,-0.009541,0.017487,0.016971,0.019928,0.008533,0.033982,0.021381,0.036705,0.0057,0.001387,-0.009579,0.016563,-0.012718,0.0084,-0.008324
2022-12-12,-0.025027,-0.013838,-0.033062,0.01139,-0.003137,-0.008676,-0.011207,-0.016497,-0.013055,-0.018929,-0.01871,0.006187,-0.002713,0.015348,0.016489,-0.017021,-0.009821,-0.017993,-0.015001,-0.009572
2022-12-13,-0.008515,-0.008137,-0.004942,-0.004001,2.6e-05,-0.002266,0.006233,0.027207,-0.015742,0.015733,0.030897,0.00014,-0.027537,0.025374,-0.002753,0.023784,-0.006218,-0.013328,-0.004211,-0.009664
2022-12-14,0.002436,-0.021751,-0.00134,-0.009608,-0.002273,-0.009823,-0.008437,-0.025113,-0.039098,-0.02914,-0.021304,0.00826,-0.005484,0.016007,0.006655,-0.010483,0.015238,0.029295,0.014768,0.011223
2022-12-15,-0.00354,-0.003976,0.000563,0.001559,-0.003847,-0.002225,-0.006612,0.001591,0.018563,-0.016608,-0.034006,-0.011638,-0.012284,0.003992,-0.015647,-0.00988,-0.018015,0.002105,-0.006445,-0.007982
2022-12-16,-0.001491,-0.00295,0.007972,0.001137,0.018557,0.009586,-0.025758,0.006848,-0.003551,-0.002478,0.010714,0.007201,-0.001788,0.024035,0.010087,-0.013975,0.011922,-0.002381,0.010738,-0.019169
2022-12-19,-0.020277,-0.011649,-0.027387,-0.02664,-0.016961,-0.005275,0.014808,0.014032,0.02416,0.016224,-0.008217,-0.021238,-0.004195,-0.006187,-0.013177,0.003973,0.008324,0.005688,-0.010044,0.019257
2022-12-20,0.007072,-0.017423,-0.005995,-0.001067,-0.01973,-0.008276,-0.04062,-0.02111,-0.001266,-0.032071,-0.018273,0.005322,0.02673,0.010069,0.000389,-0.031881,-0.046698,-0.016376,-0.030445,-0.039281
2022-12-21,-0.028638,-0.01015,-0.025643,-0.008337,-0.015904,-0.025243,-0.012033,0.007976,-0.002751,0.004336,-0.038305,0.01295,-0.009476,-0.015187,-0.021461,-0.00226,0.013997,-0.001057,-0.009988,-0.012202
2022-12-22,-0.00376,-0.028342,0.003754,-0.022199,-0.014605,-0.01118,0.020453,0.025086,0.007477,0.007364,-0.013316,0.010668,0.026173,-0.006676,-0.00977,-0.027655,-0.026618,-0.019641,-0.034748,-0.012609
2022-12-23,-0.041881,-0.026046,-0.025826,-0.012492,-0.015579,-0.012627,-0.010642,-0.008719,-0.011794,-0.015607,0.010244,-0.0401,-0.035314,-0.031304,-0.010787,-0.011018,0.00395,-0.020612,-0.007947,-0.024781
2022-12-26,-0.018723,-0.001185,-0.01715,-0.025409,-0.009821,-0.019515,-0.013602,-0.00768,0.008595,-0.006799,0.005582,-0.023359,0.013292,-0.03588,-0.010378,0.017909,0.022026,-0.011893,0.008567,0.035263
2022-12-27,-0.009757,-0.007096,-0.001725,-0.025945,-0.0206,-0.005123,0.022888,4.7e-05,-0.025192,0.005049,-0.024773,-0.035037,-0.015118,0.010673,-0.029939,-0.007934,0.039215,0.014578,-0.013939,-0.00085
2022-12-28,0.035517,0.01314,0.005493,0.027029,0.027123,0.03799,0.031588,0.02168,-0.016156,0.012526,0.012673,0.003435,0.012271,0.020282,0.009057,0.005345,0.008543,-0.003457,0.026691,0.017563
2022-12-29,-0.033778,-0.03591,-0.024798,-0.034504,-0.03654,-0.047227,-0.006679,-0.017301,0.014362,-0.011883,-0.011943,-0.010924,-0.030146,-0.017489,0.000381,-0.000878,-0.002995,0.004875,-0.00977,-0.018638
2022-12-30,-0.000619,-0.0008,0.002524,-0.011806,-0.004803,-0.015837,-0.029855,-0.010602,0.000812,0.003099,-0.000957,-0.017098,-0.003253,0.009032,0.017387,-0.011446,0.001196,0.002361,-0.003427,-0.002653
2023-01-02,0.020138,-7.8e-05,-0.004375,0.001444,0.000233,0.00386,-0.009668,0.001775,0.007857,-0.005694,-0.00435,0.020566,-0.005772,0.007161,0.007219,0.00953,0.009718,0.009953,0.005943,-0.027346
2023-01-03,0.001578,0.016715,-0.015045,0.012346,0.006615,0.005594,-0.011512,0.044105,0.037064,0.010723,-0.004535,0.01051,-0.004439,0.002557,0.010449,-0.00327,0.006087,-0.010726,0.024299,-0.00998
2023-01-04,0.00216,0.002463,0.012443,0.017608,0.006639,-0.004168,-0.00312,0.00861,0.008915,0.016199,0.000222,0.014085,-0.017116,-0.000464,-0.002457,-0.002914,0.016428,0.003452,0.032424,0.019147
2023-01-05,0.009098,0.006637,0.004039,0.016647,0.007906,-0.003265,-0.029008,-0.002331,-0.007291,0.008126,-0.01425,-0.007823,-0.0238,-0.011718,0.000989,-0.0039,-0.029755,-0.037927,-0.042026,-0.002947
2023-01-06,-0.02067,0.009098,0.001247,-0.013727,-0.006707,0.004359,0.012773,0.00234,0.003746,-0.007872,0.000644,-0.021877,0.008799,0.002262,0.001439,0.004882,-0.01349,0.00369,-0.001918,-0.030536
2023-01-09,-0.018805,-0.005266,-0.018875,0.009308,-0.015687,-0.021252,0.011131,0.010123,-0.006165,-0.010203,-0.004942,-0.012178,-0.013326,-0.019863,-0.025592,-0.022458,0.004556,-0.009103,-0.020257,-0.036079
2023-01-10,-0.026794,-0.005314,0.012807,-0.012187,-0.023246,-0.018808,-0.01201,-0.033144,-0.009571,-0.02501,-0.02982,0.014452,0.015757,-0.031447,-0.002285,-0.030253,0.008473,-0.016027,-0.047362,-0.02449
2023-01-11,0.028125,0.01086,0.011365,-0.003495,0.007127,0.008178,0.003756,0.007668,0.008197,0.002647,-0.004924,-0.005515,0.020215,-0.004453,0.027934,0.023585,0.003556,0.010006,0.020473,0.023349
2023-01-12,0.010017,0.004276,0.015624,-0.000576,-0.004292,-0.010951,-0.037463,-0.009191,-0.018844,-0.02165,0.009608,-0.014337,-0.021804,0.007531,0.022608,0.009066,-0.000568,0.022097,0.011292,0.044863
2023-01-13,-0.019571,-0.019688,-0.012358,0.001134,-0.005421,-0.009943,-0.018961,-0.024855,-0.013689,-0.012333,0.004149,-0.037954,0.00598,-0.009757,-0.027326,0.00738,-0.02398,-0.005697,-0.008197,-0.019615
2023-01-16,0.020073,0.019602,0.024535,0.013513,0.007418,0.006751,0.017491,-0.000584,0.00478,0.009415,-0.004999,0.01526,0.023948,0.017081,0.007934,0.007883,0.000897,0.019922,0.003332,0.026145
2023-01-17,0.047085,0.012943,0.00467,0.00364,0.00496,0.021581,0.01813,-0.003499,0.001561,0.002819,0.011077,0.014425,0.035392,0.00265,0.030569,-0.003049,-0.020307,-0.004502,-0.002113,0.011016
2023-01-18,0.002622,-0.012599,0.016931,-0.002286,-0.016169,-0.01218,-0.029115,-0.021596,-0.0046,-0.020229,-0.026656,-0.020124,-0.049797,-0.025094,-0.02149,-0.013812,-0.033333,-0.00147,0.015016,-0.002023
2023-01-19,0.005545,-0.008094,-0.003348,0.005287,0.001569,0.003806,-0.006756,-0.00725,0.000985,0.0026,0.013104,-0.020539,-0.033619,-0.001323,-0.017927,-0.000578,0.029569,0.023468,0.01214,0.013062
2023-01-20,0.020291,0.005171,0.003839,-0.009298,-0.003925,0.010072,0.034545,0.019581,0.055004,0.008261,0.027404,0.016371,0.00534,-0.00922,0.002673,0.015901,0.015598,0.017476,-0.000707,0.019511
2023-01-23,-0.020754,-0.019354,-0.024987,0.01009,-0.009738,-0.004257,0.007841,0.00391,0.0156,0.003283,0.013384,0.039811,0.011943,0.02987,0.013691,-0.004043,0.001269,-0.016255,-0.032187,-0.023188
2023-01-24,0.012573,0.005606,-0.025305,-0.008675,0.002428,-0.013746,-0.016503,0.002878,0.0261,-0.003909,0.004959,0.02247,0.015195,0.013931,-0.004738,0.009059,0.044912,0.010403,0.014788,0.003597
2023-01-25,0.005072,-0.003796,-0.01195,0.022094,0.003646,-0.005228,-0.030674,0.002609,0.020058,0.004729,-0.018518,-0.015895,-0.009524,0.002029,0.023707,-0.007434,0.006358,0.022319,-0.030255,-0.009928
2023-01-26,-0.010654,0.00106,0.00031,-0.01426,-0.006928,0.002315,0.024027,0.005362,-0.000985,-0.002635,0.01403,0.027008,-0.019978,0.02108,-0.010525,-0.005938,-0.036941,-0.013565,-0.009354,0.005251
2023-01-27,-0.017404,0.017357,0.004624,-0.007764,0.016293,0.008866,0.022283,0.015716,0.019251,0.017267,0.015574,0.021478,-0.013994,0.019413,0.026902,0.01298,0.015224,0.018298,0.01668,0.034874
2023-01-30,0.038296,0.031952,0.015459,0.031444,0.027188,0.022847,0.003609,0.013679,0.024153,0.010765,-0.01437,-0.005173,-0.007318,-0.005417,0.010452,0.026974,0.022677,0.021377,0.002915,0.008342
2023-01-31,0.024344,0.008968,0.004007,0.018071,0.000929,0.020924,0.000937,0.004165,0.017982,-0.00234,0.013673,0.024573,0.027123,-0.00454,0.020124,0.016587,0.020053,0.016853,-0.002245,0.010564
2023-02-01,-0.004092,-0.003795,-0.006289,-0.006845,-8.3e-05,-0.008677,-0.002931,0.009029,-0.017272,0.010708,-0.003091,0.031851,-0.006374,-0.00339,-0.017124,0.00592,0.001873,0.020923,0.001145,-0.006689
2023-02-02,0.005672,0.015731,0.003482,0.001383,0.009304,0.005377,0.003074,-0.025093,-0.017947,-0.012944,-0.012614,0.022504,0.036067,-0.001385,0.000521,-0.008872,-0.026175,-0.019084,-0.023775,-0.017649
2023-02-03,0.011536,-0.001033,0.033595,0.005792,0.015535,0.005634,0.034951,0.019186,0.020774,0.032658,0.00249,-0.001086,-0.02416,-0.030364,-0.01414,-0.0008,-0.003321,0.014076,-0.005298,0.000248
2023-02-06,0.028125,0.004119,0.026781,0.005342,0.006907,0.021974,0.007194,0.02133,0.012979,-0.001282,0.002191,0.020941,0.0043,0.040518,0.020515,-0.00101,0.003524,-0.005298,0.006609,-0.010476
2023-02-07,-0.018813,0.001777,0.002197,-0.006383,-0.001099,-0.012487,-0.023588,-0.027611,-0.035453,-0.030849,-0.043473,0.006917,-0.008157,-0.01306,6e-06,-0.010566,-0.009207,-0.011977,-0.019992,-0.017893
2023-02-08,0.042257,-0.008731,-0.00202,0.025379,0.004455,0.013961,-0.005157,-0.022938,-0.004865,-0.021619,-0.022017,-0.002719,-0.025072,-0.006749,-0.021964,-0.000594,0.020941,0.021734,0.018834,0.006836
2023-02-09,0.031701,0.032526,0.032987,0.03417,0.040844,0.034095,0.027301,0.013127,0.019964,-0.005132,0.010293,0.010288,-0.000992,0.012209,0.019995,0.028894,0.033322,0.034372,0.025155,0.017581
2023-02-10,-0.039385,-0.02535,-0.045317,-0.046066,-0.012304,-0.028401,0.014113,0.016191,0.016626,0.015163,0.03731,0.014952,0.033844,0.01278,0.001344,-0.008606,0.022983,-0.001518,0.023388,-0.011997
2023-02-13,-0.001284,0.010014,0.015335,0.006009,0.001274,0.012204,0.010964,-0.010688,-0.002435,-0.009244,0.01001,-0.028006,-0.023473,0.011257,0.001762,0.011734,-0.001149,0.005403,0.002395,0.006868
2023-02-14,0.006598,0.007256,-0.012392,-0.019193,0.010246,0.013004,0.042529,0.017855,0.013119,0.040348,-0.003964,0.051799,-0.008762,0.008203,0.016175,0.01434,-0.012677,0.013968,0.002397,-0.006376
2023-02-15,-0.001749,-0.007349,-0.003193,-0.010043,-0.006003,-0.011869,-0.02092,-0.009558,-0.005292,-0.00336,-0.012537,-0.025588,-0.00583,0.015335,0.021531,0.017118,0.000923,0.003677,0.016916,0.025235
2023-02-16,0.018518,0.025344,0.021798,0.012001,0.023909,0.025466,0.027367,0.03961,0.022361,0.035667,0.021037,0.021395,-0.002229,-0.003891,0.010586,-0.030423,-0.010057,-0.014837,-0.019126,-0.012454
2023-02-17,-0.011595,0.019562,0.002151,-0.001109,-0.005605,0.000816,-0.002547,0.01009,0.006222,0.007653,-0.012157,-0.02002,0.027391,-0.011234,-0.023014,-0.000645,-0.007349,0.016042,0.020675,-0.006222
2023-02-20,-0.007708,0.011231,-0.015807,-0.01629,-0.017903,0.004485,0.018969,0.003621,0.009831,-0.013032,0.005081,-0.009695,0.020959,-0.003011,-0.007623,0.001946,0.000349,0.011773,0.028566,-0.007822
2023-02-21,0.000943,-0.023235,-0.030417,0.003476,-0.014534,-0.011678,0.010349,0.010976,0.004867,-0.003981,0.017733,-0.064749,-0.006887,-0.04409,-0.054563,-0.001738,-0.040931,-0.031541,-0.012853,-0.005994
2023-02-22,0.017731,0.014399,0.031569,0.001246,0.022709,0.015155,-0.007876,-0.003409,-0.013138,-0.004035,-0.010274,0.018681,0.041814,0.02126,0.00954,-0.009965,0.017556,0.013107,-0.000648,-0.012704
2023-02-23,-0.004737,-0.025821,0.00972,-0.006141,0.000878,0.005437,0.010125,-0.003218,0.007529,-0.001195,-0.012358,0.020434,0.004882,-0.016933,0.003706,0.004119,-0.008704,0.041099,0.00991,0.00401
2023-02-24,0.006641,-0.020692,-0.019925,-0.010573,-0.002919,0.001356,-0.01224,8.9e-05,-0.012984,-0.000259,0.003848,0.012476,0.003449,0.024481,-0.004999,-0.003473,-0.010201,-0.01594,-0.017394,0.000606
2023-02-27,0.013047,0.022484,0.017076,0.001142,0.017577,0.014058,-0.019886,-0.006587,0.023442,0.009476,-0.004437,0.024923,0.002821,-0.012938,0.007356,-0.001282,-0.031843,0.000667,-0.024861,0.001586
2023-02-28,-0.014374,-0.001448,0.012485,-0.004846,-0.002308,-0.008895,0.009723,0.018801,0.014022,0.001081,-0.005383,-0.019442,0.003121,-0.022675,0.007588,-0.00887,-0.026357,0.004452,0.007775,-0.012159
2023-03-01,0.039039,0.019076,0.021574,0.01389,0.037303,0.027797,0.03279,0.02813,0.033964,0.028548,0.001422,-0.015499,-0.020908,0.02768,0.007463,0.029635,0.000943,0.029013,0.020626,0.024563
2023-03-02,0.013099,0.001933,0.005995,0.010349,0.012102,0.007776,0.027776,-0.003096,0.027527,0.002277,-0.006081,0.001079,0.020466,0.029122,0.00679,-0.000803,0.005088,0.008076,0.024758,0.030105
2023-03-03,-0.016417,0.000506,0.000572,-0.015345,-0.015723,-0.016088,-0.014675,-0.012202,-0.017757,-0.00924,0.024335,-0.023023,-0.007974,-0.011179,-0.00067,-0.017459,0.000744,-0.018158,-0.005893,-0.019717
2023-03-06,0.025377,0.025662,0.02263,0.005276,0.017254,0.014442,0.028652,0.013459,0.010728,0.009853,0.028251,0.014499,0.020511,0.039966,0.027772,0.008447,0.018514,0.008646,0.024361,0.008023
2023-03-07,-0.002969,-0.004917,0.001333,0.006036,-0.004889,0.008302,-0.052243,-0.032059,-0.019426,-0.016067,-0.019282,-0.001876,-0.020472,0.013537,-0.002356,0.016477,-0.006013,0.033079,0.004145,0.011618
2023-03-08,-0.022078,0.007928,-0.023955,-0.013516,-0.026223,0.00447,-0.013237,-0.026365,-0.008023,-0.006641,0.016345,0.000129,0.004255,0.020497,0.028844,-0.008002,-0.004516,-0.016801,0.006226,-0.019415
2023-03-09,-0.015927,-0.008304,0.020998,0.002847,-0.006349,0.000744,-0.005923,-0.011443,-0.022402,0.003798,0.006546,0.026696,0.036791,0.014851,0.036893,0.006772,-0.011368,-0.024084,-0.005524,-0.003396
2023-03-10,0.007794,0.020634,-0.010682,0.015076,0.008661,0.00225,-0.014036,-0.002156,0.004833,-0.012762,-0.021923,-0.016423,-0.005977,0.00372,-0.017206,0.019321,-0.015944,9.7e-05,0.007105,-0.012963
2023-03-13,-0.019768,-0.02418,-0.041638,-0.025147,-0.027016,-0.014911,0.007538,-0.00752,-0.008017,0.001994,-0.023318,-0.027739,-0.044888,-0.015328,0.028078,-0.014739,0.002879,-0.015034,-0.022619,9.9e-05
2023-03-14,0.025142,0.01912,0.028441,0.016546,0.015871,0.017516,-0.027012,0.006887,0.007366,0.014919,0.004214,0.01903,-0.013479,-1.1e-05,0.014258,0.008066,0.021697,0.012272,0.020475,-0.000117
2023-03-15,0.018334,0.021945,-0.020259,0.012701,0.01723,-0.005621,0.020356,0.022472,0.011691,0.018783,-0.011777,0.039246,0.019255,0.033438,0.045117,-0.005922,0.016949,0.008826,0.013181,0.023483
2023-03-16,-0.017681,0.014215,0.004445,0.0034,-0.011329,0.012159,0.006145,0.019402,0.010282,0.016778,0.00343,-0.025656,-0.042568,-0.00501,-0.033431,0.011266,0.013405,0.014874,-0.005418,-0.013343
2023-03-17,0.006127,-0.008064,0.030912,-0.039279,-0.006165,-0.009269,0.003976,-0.022866,-0.000578,0.013207,0.001006,0.032578,0.011174,0.009837,0.02192,0.014953,0.005322,0.031424,0.023874,-0.017412
2023-03-20,-0.000485,0.003366,-0.012943,0.008488,0.005921,0.001858,0.005624,0.016038,-0.008603,0.001685,0.010265,-0.006463,0.016198,0.004109,-0.004073,0.010204,0.006533,0.039276,-0.014068,0.013391
2023-03-21,-0.009006,-0.003921,-0.008962,0.004453,0.006567,3.9e-05,0.026451,0.012924,0.025286,0.010012,0.002422,-0.023951,-0.035283,-0.024661,-0.020782,0.008211,0.041607,0.000398,0.012263,0.038243
2023-03-22,-0.009779,-0.020705,0.003696,-0.009095,-0.00429,-0.013382,-0.005136,-0.017167,-0.013157,-0.005736,0.01243,-0.027686,-0.022857,0.001831,-0.00832,-0.010569,0.00577,0.001815,-0.012413,0.002525
2023-03-23,-0.004228,-0.009307,0.025576,0.004143,-0.000386,-0.001155,0.001631,-0.014003,0.006363,-4.8e-05,-0.03176,-0.028784,-0.025234,-0.063494,-0.03879,-0.019287,-0.003422,-0.020153,-0.023545,-0.041661
2023-03-24,0.010317,0.000362,-0.014989,0.027544,0.002928,0.005267,-0.030293,-0.036184,0.001191,-0.002098,9.5e-05,-0.025487,0.032735,0.016165,-0.019907,0.004109,0.021704,0.022836,0.00167,-0.0237
2023-03-27,0.008359,-0.004732,0.003228,-0.003974,0.001945,0.001615,-0.009464,0.001623,0.021442,-0.014481,0.005493,0.03402,0.011402,0.011583,0.003285,-0.009064,-0.006722,-0.010062,0.015602,-0.017039
2023-03-28,0.011539,-0.017352,-0.019852,-0.006439,-0.007401,0.003362,-0.015826,-0.011295,-0.020487,-0.012028,0.001895,-0.006702,0.024558,-0.001553,-0.008383,0.019738,0.021353,0.029091,-0.010203,0.033394
2023-03-29,-0.010209,-0.006165,-0.026388,-0.007816,-0.014443,-0.009525,-0.016057,-0.008361,-0.004703,0.000671,-0.035536,-0.032267,-0.014539,-0.027976,-0.034793,0.019446,0.035985,0.002335,0.017222,0.024074
2023-03-30,0.001075,-0.016571,0.007571,-0.008893,-0.004548,-0.007924,-0.001396,-0.022501,-0.009747,-0.000266,-0.00032,-0.069346,-0.036608,-0.021862,-0.031504,-0.009884,-0.034193,-0.019618,-0.029114,-0.017037
2023-03-31,-0.008305,-0.011731,0.002394,-0.015276,-0.01817,-0.022322,-0.004809,-0.008197,-0.002476,0.003933,-0.017043,0.003938,-0.000235,0.009129,0.010084,-0.033743,-0.043367,-0.014124,-0.012849,-0.008174
2023-04-03,0.02343,0.038733,0.052826,0.024594,0.03344,0.01899,0.020515,0.04225,0.050153,0.061212,0.043563,0.048808,0.051457,0.042334,0.034323,0.013037,0.039182,-0.006241,-0.006975,-0.009136
2023-04-04,-0.017051,0.009485,0.036449,-0.006527,0.008552,0.002375,0.016598,-0.010684,0.014865,-0.00581,-0.026627,-0.014898,-0.007961,-0.018171,-0.023951,-0.005373,-0.028685,0.006553,-0.009301,0.000636
2023-04-05,0.013376,0.027222,0.050768,0.012846,0.022031,0.015687,0.027596,0.021915,-0.000941,0.013074,0.012924,0.011523,0.010105,-0.007812,0.01645,0.001167,0.028293,0.019987,0.03868,0.040364
2023-04-06,-0.040357,-0.010689,-0.023373,-0.035021,-0.012375,-0.016104,-0.009412,-0.023381,-0.027492,-0.028912,-0.020858,-0.030818,-0.010754,-0.016693,-0.010381,-0.029956,-0.056621,-0.021705,-0.030818,-0.023225
2023-04-07,0.007282,-0.015574,-0.010618,-0.012024,-0.000325,-0.010336,-0.004911,-0.008594,0.005256,-0.007133,-0.003283,0.003333,-0.021396,-0.023594,-0.00985,0.020766,0.00252,0.011169,0.031566,0.015829
2023-04-10,0.009512,0.006558,0.010424,0.002753,0.014044,0.015591,-0.013057,0.00674,0.018241,0.010875,-0.002573,0.007727,0.008267,-0.017484,0.009247,0.00202,0.026304,0.02448,0.013659,0.008209
2023-04-11,0.027324,-0.018657,-0.014728,0.004785,0.006088,0.001111,0.002348,0.005523,-0.000784,-0.007199,-0.024052,-0.023926,0.013,-0.03257,-0.002494,0.005715,0.005441,-0.03126,0.004966,-0.013135
2023-04-12,0.037366,0.008421,-0.004359,0.003142,0.008277,0.02176,0.013715,0.014493,0.033338,0.004248,0.003889,-0.012607,0.009895,-0.018787,0.017815,0.020196,0.01688,0.029093,0.002659,0.011904
2023-04-13,0.013746,-0.017077,0.022262,-0.002955,-0.010918,0.011233,-0.015474,-0.007091,-0.009669,-0.014592,-0.005696,-0.004699,0.0132,-0.006897,0.011984,0.00611,0.016866,0.017839,0.008859,0.004397
2023-04-14,0.003381,2.1e-05,-0.020692,-0.008694,0.000138,-0.006305,0.013936,-0.01282,0.013261,0.001936,0.009749,0.012479,-0.006508,-0.011242,-0.002942,0.020671,0.019124,0.02033,0.02671,0.001572
2023-04-17,-0.004926,0.004399,-0.010101,0.014469,0.021467,0.016575,-0.01716,-0.003281,0.037489,0.005103,-0.003487,0.000148,0.022052,0.011025,0.029098,-0.002849,-0.01046,0.044127,0.029703,-0.010393
2023-04-18,-0.010596,-0.006566,0.003924,-0.004948,-0.010507,-0.004414,0.009516,-0.011192,-0.004239,-0.01685,0.018868,0.000344,0.007888,0.007116,0.006423,0.019174,0.013496,0.012742,0.010668,0.032114
2023-04-19,-0.012337,-0.00593,0.02026,0.008031,-0.005203,0.008375,-0.019654,-0.019459,0.003327,0.000286,0.013941,-0.036278,-0.026877,-0.030852,-0.017298,-0.010157,0.02768,-0.022749,0.01717,0.00829
2023-04-20,-0.001704,0.014408,0.039888,0.035085,0.020899,0.034224,0.021838,0.014487,0.013459,0.020103,0.013999,0.010141,-0.023177,0.007284,0.029689,-0.012649,0.013509,-0.016496,-0.030099,-0.016052
2023-04-21,0.035845,0.012427,0.025814,0.022077,0.009931,0.027743,-0.01363,-0.004426,0.004287,-0.00637,-0.021105,-0.00681,0.007648,-0.000522,-0.012813,0.00513,0.006037,0.007709,-0.000483,0.03099
2023-04-24,-0.003852,-0.014477,0.005987,-0.000191,-0.003666,0.009655,0.009493,0.01072,0.009395,0.02269,0.004312,-0.012019,0.00728,-0.021859,-0.023583,0.012812,-0.022408,0.025605,0.015826,0.01654
2023-04-25,-0.003612,-0.018811,0.007113,-0.020604,-0.004842,-0.024558,0.026614,0.02512,0.00157,0.019946,0.035448,0.018306,-0.000225,0.008273,0.013651,-0.008361,-0.000373,-0.018298,-0.032551,-0.03013
2023-04-26,0.001327,-0.000695,-0.000815,0.001259,0.017845,0.012973,0.018732,0.009906,0.012806,0.011971,0.013563,0.003633,0.028245,0.027067,0.010961,-0.004787,-0.044793,-0.011669,-0.014845,-0.022926
2023-04-27,0.013407,0.009337,0.01961,0.018193,0.01825,0.009612,0.007061,0.003128,0.0093,0.001651,-0.014593,0.029718,0.007669,0.013633,0.02494,0.010778,0.0123,0.025485,0.016659,0.01559
2023-04-28,-0.025512,-0.001029,0.021286,0.002569,-0.001021,0.005144,0.006656,0.003277,0.021289,0.00582,0.00656,-0.01477,-0.015096,-0.001663,-0.010922,0.000281,0.004556,-0.003645,-0.011097,-0.015141
2023-05-01,-0.00097,-0.009369,0.027649,0.004841,-0.005058,-0.004913,-0.017431,-0.014242,-0.01024,-0.008862,0.034904,0.008121,0.01974,0.015703,0.021913,-0.009584,0.00812,0.000153,-0.015859,0.022063
2023-05-02,-0.025186,-0.002445,-0.017251,-0.003425,-0.007619,-0.012935,0.006214,-0.018422,0.020992,-0.009255,-0.001017,0.027978,-0.020657,0.007024,-0.012387,0.002185,-0.031085,-0.006295,0.00638,0.007813
2023-05-03,0.02144,8.9e-05,0.029813,0.025714,0.015037,0.004093,0.00731,0.0186,-0.006842,0.000304,0.026847,-0.044027,0.012305,-0.008982,-0.01518,-0.001936,-0.030993,-0.022556,-0.013474,0.00358
2023-05-04,-0.021673,-0.026868,-0.018225,-0.029451,-0.018584,-0.023955,-0.014412,0.002167,0.008573,-0.001912,0.018821,-0.008514,-0.01449,-0.023663,-0.015982,-0.019078,-0.045169,-0.032981,-0.030592,-0.029642
2023-05-05,-0.003416,-0.027461,-0.01163,-0.011145,-0.01172,-0.028951,-0.003194,-0.013126,-0.026774,-0.014446,0.010359,-0.02861,-0.014131,-0.01526,-0.026436,0.012446,-0.003674,0.003345,0.006774,0.017955
2023-05-08,-0.02178,-0.02569,0.002093,-0.014921,-0.014498,-0.013592,-0.00748,-0.03019,-0.041135,-0.016182,-0.031091,-0.012167,-0.021863,-0.053217,-0.043022,-0.024399,-0.006671,-0.003461,-0.024446,-0.023149
2023-05-09,-0.014568,-0.018091,-0.026881,-0.034214,-0.011653,-0.026105,2.8e-05,-0.005255,-0.01451,0.00468,-0.023661,-0.012786,0.007348,0.008412,-0.008624,0.006366,-0.006096,-0.041676,-0.020571,-0.009614
2023-05-10,0.006065,-0.001653,-0.00738,0.007147,0.002414,0.013418,0.006151,-0.001457,0.016745,0.004735,0.005275,-0.034693,-0.028824,-0.007502,-0.007743,0.002276,0.010388,0.004024,0.021163,0.002715
2023-05-11,0.010863,-0.013303,0.001832,-0.012907,-0.007574,-0.014595,-0.012091,-0.005857,0.020333,0.001387,-0.009166,-0.010115,0.005581,-0.035883,-0.008224,0.016626,-0.016932,0.031379,0.014681,0.010149
2023-05-12,-0.000173,0.011346,0.000252,0.008351,0.009259,0.00718,0.001797,0.000118,-0.016403,-0.000595,-0.014319,-0.025857,0.00216,-0.005581,-0.00619,-0.005189,-0.01337,-0.012062,-0.011873,-0.029828
2023-05-15,0.00144,0.015081,0.00145,0.037981,0.013236,0.006447,-0.001693,0.01135,0.022377,0.001909,-0.000288,0.013423,-0.015178,-0.002231,-0.013925,0.002211,-0.005175,0.012565,0.031367,0.021336
2023-05-16,-0.002917,-0.019851,0.007178,-0.014646,-0.006598,0.000329,0.038288,0.014252,0.019818,0.009462,0.011357,0.010395,0.004203,-0.006404,-0.001964,-0.003321,-0.026262,-0.022029,-0.002171,0.021957
2023-05-17,-0.01591,-0.009478,0.001954,-0.020022,-0.006146,-0.016765,-0.017464,-0.00908,-0.006355,-0.016884,0.005985,-0.004825,-0.005382,-0.006561,-0.005245,-0.011875,-0.015715,-0.019059,-0.011674,0.007391
2023-05-18,0.023336,-0.018326,-0.014725,0.009304,0.009237,-0.012251,0.010053,0.013588,0.004535,0.005521,0.012326,0.002726,-0.020553,-0.002818,0.000825,0.026401,-0.020271,0.012922,-0.000194,-0.00492
2023-05-19,0.023265,0.010304,0.005439,0.015328,0.007944,0.000867,-0.026633,-0.002882,-0.001842,-0.022805,-0.01642,0.017658,-0.001253,-0.007626,-0.008139,-0.013304,-0.026273,-0.014529,-0.020342,-0.016341
2023-05-22,-0.015963,0.010669,0.007616,-0.006624,-0.005452,0.002138,0.000558,0.016386,0.016265,0.012018,0.016797,0.001603,0.022306,0.00496,0.006791,-0.030369,-0.019205,-0.021904,-0.001959,0.000593
2023-05-23,0.000516,0.006246,0.006472,0.027248,0.008906,0.01208,-0.016691,-0.033156,-0.03542,-0.003219,-0.010175,0.005319,-0.009759,-0.014766,0.028226,0.002166,-0.003493,0.001078,-0.013262,0.004845
2023-05-24,0.018102,-0.00208,0.001145,0.0005,-0.000309,-0.00319,-0.03225,-0.010899,-0.024306,-0.007898,-0.035032,-0.013544,0.006918,0.001874,-0.016056,0.018854,0.004124,0.003243,-0.020569,0.004812
2023-05-25,0.005356,0.021413,0.003471,0.005321,0.018925,0.022285,0.030376,0.022281,0.017036,0.024389,0.003858,0.00751,0.014946,0.007053,0.021158,0.023095,0.002958,-0.003344,-0.011735,0.003723
2023-05-26,0.035335,0.01593,-0.020539,0.004106,0.027928,0.015929,0.025225,0.028054,0.037448,0.015532,0.034595,0.004917,-0.017243,0.018714,-0.009188,0.002393,-0.020394,0.017734,0.003627,-0.001493
2023-05-29,0.007039,-0.018689,-0.003674,0.005589,-0.010653,-0.004764,-0.026504,-0.025623,-0.022128,-0.020479,-0.006679,0.014381,-0.013966,0.011161,-0.010178,-0.004028,-0.002534,-0.04853,-0.033633,-0.015257
2023-05-30,-0.007421,0.009418,0.041728,-0.004911,0.002122,0.022443,0.010947,0.010745,0.015589,0.000293,-0.003077,0.009848,0.012492,0.006775,0.005807,0.001455,0.000629,0.00078,-0.001119,0.04343
2023-05-31,0.008786,0.02538,-0.001281,0.017965,0.003932,0.003613,0.030452,0.01043,0.008011,0.021517,-0.004275,0.004329,-0.010231,-0.003035,0.006307,0.0115,-0.009617,-0.001463,0.021691,0.009286
2023-06-01,-0.008235,-0.022541,-0.00932,-0.014646,-0.024191,-0.012335,-0.025756,-0.028924,-0.006567,-0.010179,-0.001386,-0.010945,-0.000721,-0.014914,0.000287,0.001665,-0.023838,-0.004556,0.009594,0.00569
2023-06-02,0.014566,0.015436,0.002576,0.004876,0.023694,0.012489,0.014211,0.009038,0.001377,0.011464,0.0395,-0.009915,0.007062,0.018779,0.011234,0.001654,-0.004718,0.001175,-0.025888,-0.000393
2023-06-05,0.015366,-0.004389,-0.035552,-0.012778,-0.002217,-0.00504,-0.013092,-0.002352,-0.024741,0.012407,-0.009026,0.030273,0.012563,0.003692,0.021329,0.004594,0.021524,0.000607,0.014525,0.010366
2023-06-06,0.032541,0.018486,0.023481,0.015252,0.02033,0.015544,0.01888,0.045644,0.033004,0.016862,0.027173,0.036524,0.048279,0.028262,0.010198,0.005542,0.012567,0.000341,0.00182,0.023918
2023-06-07,0.009863,0.003002,0.028087,0.008021,0.016251,0.010987,0.017875,0.003911,0.013399,-0.008086,0.014745,0.040758,0.003956,0.02244,0.007701,0.014139,0.007246,0.009565,0.020734,0.011367
2023-06-08,-0.041775,-0.0373,-0.037919,-0.034066,-0.038692,-0.040634,0.027808,0.021539,0.002662,0.032092,-0.012634,-0.028996,0.017613,0.018756,0.013953,0.002697,0.029264,0.00148,0.008523,-0.035631
2023-06-09,0.004973,0.015326,0.004031,0.016185,0.007674,0.008339,-0.014513,-0.022638,-0.017598,-0.009376,0.016879,-0.017469,0.005628,0.003033,0.00226,0.005057,0.004564,-0.013402,-0.012311,0.015333
2023-06-12,-0.020363,-0.015971,-0.037924,0.002517,-0.024552,-0.006555,-0.007617,-0.004038,-0.002132,0.010039,-0.014801,-0.028845,0.012644,-0.021663,-0.011587,-0.001282,-0.016611,-0.004534,-0.001904,0.005553
2023-06-13,-0.003088,-0.023305,-0.007596,-0.017779,-0.003993,-0.016805,-0.019694,-0.021086,0.011381,-0.022259,-0.002712,0.036205,0.015032,0.015383,0.016169,0.008919,-0.031487,-0.002337,0.014653,0.005572
2023-06-14,0.000135,0.009934,-0.020498,0.011865,0.021437,-0.005698,0.029018,0.008555,0.003451,-0.016936,0.019729,0.00595,0.030472,0.004422,0.01295,-0.00418,-0.022348,-0.04061,-0.00051,-0.032728
2023-06-15,0.01087,0.007336,-0.020256,0.015892,-0.00095,0.007855,0.019961,0.018888,0.002406,0.009586,-0.015996,-0.010539,0.020543,0.013091,-0.017546,0.008115,-0.001699,-0.030606,0.011086,-0.026908
2023-06-16,0.001195,-0.000389,0.000152,0.002548,-0.00204,-0.000614,0.0323,0.001629,0.024368,0.000862,-0.003812,-0.049782,0.012196,-0.019634,-0.030531,-0.007423,0.004582,-3.9e-05,0.001723,0.001722
2023-06-19,-0.011837,-0.035995,0.010242,-0.013574,-0.003526,-0.016881,-0.00544,-0.023691,-0.029996,-0.01395,-0.024071,-0.012967,-0.020651,-0.021619,-0.041724,0.008665,-0.031035,-0.016333,-0.009291,0.004783
2023-06-20,-0.005397,-0.023603,-0.006911,-0.004319,-0.004965,-0.003286,0.005036,-0.010792,-0.021602,-0.005821,-0.011553,-0.028062,-0.016225,-0.01946,-0.026596,-0.000145,0.017991,-0.001555,0.008451,0.018382
2023-06-21,0.009296,0.010435,-0.007663,-0.00409,0.001745,-0.005689,0.001897,-0.005033,-0.039646,0.007012,0.001474,0.008103,0.033502,0.007651,0.00268,-0.015,-0.009008,-0.007617,-0.002082,-0.028218
2023-06-22,0.027915,0.012396,-0.004257,0.016753,0.005321,0.008527,0.003761,0.016668,0.018399,0.02,0.008003,-0.009289,-0.02087,-4.7e-05,-0.001542,0.010191,0.002655,-0.011928,0.0143,0.012868
2023-06-23,0.007958,-0.006022,-0.016946,0.013627,0.010652,0.005344,0.014145,0.025015,0.007816,0.015274,0.003481,0.009097,-0.029696,0.015758,-0.009236,0.03537,0.042771,0.019978,0.005604,0.014945
2023-06-26,-0.002719,-0.010788,-0.010057,-0.015976,-0.009447,-0.010392,0.00645,-0.022109,-0.025749,-0.008861,-0.009809,-0.008435,0.018452,0.002253,0.002794,0.009767,-0.030079,0.021613,0.041695,-0.001385
2023-06-27,0.0077,0.002282,0.016363,0.013196,0.002368,0.007008,-0.029086,-0.017248,-0.013021,-0.013399,-0.028323,-0.0233,-0.038025,-0.002541,-0.016585,-0.018521,-0.006928,0.019535,-0.004631,0.010733
2023-06-28,-0.006628,-0.001829,-0.007382,-0.013231,-0.004006,-0.010558,-0.01279,-0.018719,-0.007413,-0.017707,-0.007982,0.017376,0.02097,-0.000125,0.00109,-0.00128,0.00908,-0.012025,0.010239,0.005426
2023-06-29,0.01423,0.00253,0.022224,0.018677,0.01979,0.016265,-0.011641,-0.00577,-0.008576,-0.000422,0.012236,-0.01682,-0.04907,-0.021662,-0.024937,-0.000252,-0.020403,-0.009505,-0.018495,0.021866
2023-06-30,-0.0288,-0.013019,-0.020026,-0.032475,-0.032,-0.023038,-0.010768,-0.010724,-0.005638,-0.012808,0.001674,0.01986,-0.022986,-0.023497,-0.000421,0.012206,0.015956,-0.002319,-0.021551,-0.007186
2023-07-03,0.00458,-0.008491,-0.012261,0.003708,0.012092,0.015575,0.03126,0.01828,0.020414,0.011666,0.017228,-0.040064,0.016688,-0.040432,-0.005562,0.004671,-0.025433,-0.003941,-0.040945,0.01237
2023-07-04,0.006123,0.001155,0.051379,0.010889,0.000214,0.00506,0.003747,0.022111,0.007789,0.016295,0.001105,0.002883,0.01658,0.007843,-0.00939,0.008906,0.000374,0.009323,0.007535,0.004007
2023-07-05,0.001568,0.006664,-0.009294,-0.006179,0.004629,-0.006026,0.000371,0.011193,-0.007097,0.021398,-0.006993,0.009198,0.00227,0.016833,0.004696,0.025144,0.016591,0.025768,0.002053,0.029156
2023-07-06,0.021253,0.02729,0.019637,0.028028,0.01141,0.019846,-0.001799,0.023454,0.029424,0.01824,0.009428,0.032521,-0.028166,0.033464,0.021211,0.033106,0.027164,0.009928,0.019038,0.023982
2023-07-07,-0.004243,-0.020624,-0.02076,-0.001394,-0.013987,-0.001023,-0.004986,-0.002798,0.008361,-0.007611,0.016817,-0.012754,0.029291,0.002124,-0.005099,-0.027453,-0.031977,0.012442,-0.013052,0.000558
2023-07-10,-0.002157,0.003519,-0.010813,-0.003885,0.001561,0.00231,0.007204,-0.00073,0.008924,0.007475,0.001042,0.001804,0.016858,-0.000148,-0.010004,0.010224,0.002379,0.012564,-0.007778,-0.022986
2023-07-11,-0.032546,-0.006468,-0.008783,-0.006566,-0.013071,-0.021746,-0.03853,-0.036741,-0.032517,-0.023485,-0.063625,-0.007864,0.033061,-0.025459,-0.011199,-0.018665,-0.027855,0.009283,-0.015159,0.028507
2023-07-12,0.020168,0.008016,-0.007494,0.003199,-0.00195,0.01203,-0.028508,-0.028136,-0.032078,-0.015431,-0.002125,0.014453,0.032839,0.028785,0.025767,0.010925,0.008758,0.014249,0.021432,-0.002352
2023-07-13,-0.011901,-0.000215,0.021351,-0.006647,-0.014259,-0.011623,-0.025487,-0.008466,-0.027086,-0.022642,-0.007556,-0.002504,-0.009642,0.009575,0.002601,0.006708,0.008213,-0.01185,-0.002745,0.017182
2023-07-14,0.023451,0.01652,-0.010564,-0.017971,0.009809,-0.001541,0.000889,-0.00439,-0.015405,0.008963,0.006993,-0.001299,-0.002995,-0.021617,0.007446,0.011088,0.023161,0.016528,-0.002039,0.002232
2023-07-17,0.019884,0.012538,0.017135,0.000912,0.001569,0.013834,0.00445,0.019686,0.020788,-0.002061,-0.013755,-0.019106,-0.031682,-0.040964,-0.011878,0.006303,0.024694,-0.010835,-0.030141,-0.030942
2023-07-18,-0.008098,0.009402,0.016862,0.011129,-0.009086,0.016836,0.002665,-0.008095,0.007384,-0.005335,-0.002433,-0.000138,-0.017854,-0.014709,-0.009395,-0.037683,-0.025654,-0.031578,-0.021543,-0.020532
2023-07-19,-0.005985,-0.012938,-0.007349,-0.011194,-0.003289,-4.2e-05,-0.021451,-0.020797,0.001051,-0.020084,0.004388,-0.000631,-0.004944,-0.00331,-0.049234,-0.02178,-0.004883,0.006625,-0.018587,-0.043147
2023-07-20,0.022695,0.008783,-0.018595,-0.015687,-0.008425,-0.009086,0.012564,-0.0005,-0.007046,-0.003704,-0.012496,0.019849,0.002241,-0.019226,0.015987,0.008251,0.016313,-0.0212,0.007698,-0.006181
2023-07-21,-0.011421,-0.003284,0.007672,-0.006945,-0.024715,-0.000355,0.005695,-0.005916,0.010716,-0.002483,0.004491,-0.024938,-0.01624,-0.005808,0.027589,-0.036058,-0.022434,-0.037191,-0.045051,-0.035592
2023-07-24,-0.000172,0.000606,0.027824,0.019463,-0.011361,0.010571,0.010334,0.007534,0.003621,-0.009437,0.001173,-0.008043,0.013357,-0.015656,-0.005214,0.013768,0.007839,0.011151,-0.005706,0.013621
2023-07-25,-0.006471,0.006023,0.006119,0.010148,0.011468,0.009842,0.034854,0.017103,0.028835,0.003464,-0.020297,0.016344,-0.011169,0.023513,0.037154,0.012537,-0.012071,-0.016458,-0.015695,0.029427
2023-07-26,0.000254,0.007709,0.012093,-0.020877,0.002421,-0.001837,-0.005154,0.025293,0.027113,0.014681,-0.003315,-0.011332,-0.001222,0.00792,0.000736,-0.010402,0.015158,0.007017,-0.007921,0.001749
2023-07-27,0.004329,0.00195,0.021092,-0.014462,0.006802,0.000821,0.000513,0.004414,-0.000164,0.021884,0.02657,0.009446,0.019604,0.000667,-0.004403,-0.023902,-0.02045,0.006196,-0.034879,0.00163
2023-07-28,0.000676,0.002567,0.018334,-0.022044,-0.005366,0.001733,-0.034574,-0.023978,-0.012974,-0.034654,-0.014773,0.005453,0.003331,-0.016047,-0.003446,-0.02136,-0.004982,-0.017861,-0.005686,-0.025235
2023-07-31,-0.001639,0.00436,0.000734,0.008195,0.004651,0.014214,0.0184,-0.00554,0.011945,-0.001384,0.008702,0.011148,0.021305,0.032059,0.015247,-0.039302,-0.003517,-0.010213,0.014894,-0.009318
2023-08-01,0.007829,-0.003217,-0.005637,-0.005304,0.019407,-0.002305,-0.017091,0.015093,0.030703,-0.006687,0.015296,-0.003308,-0.019913,-0.00159,-0.009697,-0.01203,0.014518,-0.009082,-0.00362,-0.013331
2023-08-02,-0.007703,-0.010416,-0.008345,-0.034837,-0.010426,-0.007674,-0.031927,-0.035981,-0.007234,-0.034982,-0.025993,-0.001905,-0.020049,-0.003873,0.01004,0.020956,-0.018653,-0.003824,0.007811,-0.005376
2023-08-03,-0.014852,-0.013764,-0.021057,-0.021508,-0.014889,-0.014949,-0.005878,0.007697,0.013463,-0.001482,0.017371,-0.00361,0.009714,-0.026111,0.00487,-0.004003,-0.027591,-0.034476,-0.01294,0.008605
2023-08-04,-0.00222,-0.018957,-0.042082,-0.035755,-0.019024,-0.025959,-0.00344,-0.006599,-0.01524,-0.004008,-0.021538,-0.054403,0.023687,-0.005047,-0.025629,-0.023662,-0.003672,-0.009201,-0.020731,-0.02169
2023-08-07,-0.003383,-0.002358,-0.026854,0.007519,0.016215,-0.002189,0.02556,0.000535,-0.00423,0.003838,-0.003871,-0.003805,0.018095,-0.027885,0.001304,0.00813,0.002476,-0.006962,0.001877,-0.020898
2023-08-08,-0.000682,-0.027194,0.010806,-0.003496,-0.002302,-0.022209,0.011535,0.017971,0.025967,0.012469,0.006428,-0.003758,0.013736,-0.011704,-0.007753,0.009389,0.008588,0.00364,-0.005228,0.009404
2023-08-09,0.024279,0.005871,-0.015263,0.010647,-0.006835,0.013782,0.000627,0.00114,-3.7e-05,-0.004673,-0.01761,-0.003696,-0.004267,-0.008765,-0.004727,0.019505,0.007575,-0.000481,0.017003,0.001085
2023-08-10,0.008652,-0.004526,-0.003335,0.003231,0.006078,-0.002714,0.024197,-0.006675,0.018447,0.015927,0.013606,0.010632,0.000785,0.017473,0.006213,-0.016939,-0.035111,-0.009476,-0.003107,-0.029257
2023-08-11,-0.00234,0.009953,0.012639,0.005764,0.015594,-0.006809,0.000625,0.003434,0.017361,-0.013238,0.001357,0.027318,-0.016141,0.043606,0.022314,0.014867,0.026246,0.017984,0.011205,0.017721
2023-08-14,0.026786,0.013149,0.035923,0.026502,0.021097,0.029874,0.037613,0.045271,0.035887,0.036613,0.03438,0.016223,-0.001914,-0.000867,0.02072,0.005748,-0.00255,0.037864,0.02496,-0.005505
2023-08-15,-0.005042,0.002886,-0.015058,0.006274,-0.001292,0.011613,0.027083,0.001366,-0.000339,-0.001199,0.009048,0.000997,-0.012483,-0.020646,0.006285,-0.01226,-0.029019,-0.026155,0.007794,-0.04
2023-08-16,-0.003945,-0.028267,-0.034355,-0.002118,-0.012257,-0.020303,-0.003004,-0.02102,-0.02362,-0.017961,0.031566,-0.006866,0.010303,-0.006886,-0.014799,-0.009991,0.021805,0.009722,0.007108,-0.0039
2023-08-17,0.004195,0.016814,0.017486,0.001941,0.009227,-0.001279,-0.027342,-0.007458,0.009014,-0.013178,-0.011716,0.001444,-0.004901,-0.002528,0.021683,0.004704,0.023286,0.031408,0.015524,-0.003437
2023-08-18,0.015669,0.003507,0.013307,0.000385,0.002938,0.012156,0.030976,0.016887,0.015933,0.020456,0.011396,0.002837,0.035337,0.014719,0.007647,0.000925,0.033459,-0.019324,0.013497,-0.009201
2023-08-21,0.022445,0.008315,0.033176,0.01939,0.019935,0.008447,0.013414,0.000288,-0.011237,0.001446,-0.018664,0.013234,-0.012277,0.008452,0.014044,0.001339,0.023412,0.010143,0.011074,0.000173
2023-08-22,0.013886,0.006333,0.0261,0.004499,0.014443,0.010191,0.012133,0.013513,0.017673,0.033954,0.000932,-0.0244,-0.021808,-0.004962,-0.006963,-0.003248,0.002998,0.039028,0.046644,-0.008972
2023-08-23,-0.031976,-0.006688,-0.032923,-0.008451,-0.015066,0.001161,0.013233,0.009489,-0.009246,-0.008141,-0.012308,-0.020994,-0.026386,-0.019847,-0.009544,0.0065,-0.001215,-0.012715,0.022325,-0.002104
2023-08-24,-0.029236,-0.0498,-0.009403,-0.030605,-0.035357,-0.022848,-0.032161,-0.012489,-0.011631,-0.006923,-0.005085,-0.003835,-0.033874,-0.041656,-0.045825,-0.007182,-0.010112,0.00899,-0.000545,-0.02393
2023-08-25,-0.000618,0.001646,0.013285,0.007838,0.010211,0.006261,0.002377,0.008485,0.018438,0.020016,-0.019343,0.027446,-0.003111,0.018104,0.004636,0.019453,0.03011,0.025684,0.018927,0.030731
2023-08-28,0.017791,0.03565,0.004498,0.023547,0.012926,0.017978,-0.026968,-0.010214,-0.022061,-0.010504,-0.004253,-0.044633,-0.052188,0.000137,0.001007,0.011107,-0.01419,0.015677,0.006974,0.044169
2023-08-29,0.021473,0.022899,0.043963,0.012975,0.030161,0.031217,0.027026,0.012954,0.003598,0.01027,0.005905,0.004796,-0.003322,0.026284,0.000761,0.014668,0.001256,-0.001347,0.040832,0.03945
2023-08-30,0.027015,0.007167,-0.003469,0.017205,0.014639,0.022137,-0.01329,0.001733,0.004444,-0.004593,0.003139,-0.01918,-0.006997,-0.004943,0.011677,-0.020822,0.004261,-0.013939,0.007469,0.003915
2023-08-31,0.00405,-0.011773,0.013038,0.00123,0.015621,-0.019041,0.021804,0.016912,0.019131,0.008978,0.027371,0.02353,0.023977,0.01931,0.020684,0.021273,0.034639,0.006263,0.014285,-0.002052
2023-09-01,0.004443,0.01918,0.015205,-0.013441,0.002057,0.013945,0.013731,-0.000861,0.002136,-0.007123,-0.029662,0.007102,0.019606,0.011811,0.015232,0.022921,0.006056,0.013761,0.004383,0.035226
2023-09-04,0.003024,0.016029,0.037217,0.026676,0.014197,0.033178,0.012426,0.01855,0.012656,0.001868,-0.008819,0.014499,0.02055,0.024702,0.019962,0.025258,-0.005123,0.020841,0.012311,0.037214
2023-09-05,-0.032619,0.001454,0.021141,0.005669,-0.017638,-0.007937,0.009371,-0.00272,-0.021592,0.0029,-0.011358,-0.008803,0.013751,-0.004447,-0.021419,-0.004203,-0.008475,-0.002759,-0.007188,-0.031979
2023-09-06,0.007913,0.000649,-0.012572,0.016731,-0.000928,0.001317,0.027679,0.006242,-0.019058,-0.001541,0.008704,0.016018,0.011299,-0.011684,-0.011722,-0.002093,-0.032202,-0.01318,0.002569,0.009591
2023-09-07,-0.022264,-0.003862,-0.023899,-0.0141,-0.013617,-0.016563,0.010899,0.012552,-0.004565,-0.005967,-0.015007,-0.010742,-0.007677,0.01122,-0.001469,-0.026878,-0.009717,0.003018,-0.008327,-0.034049
2023-09-08,0.020572,0.017929,0.029298,0.014264,0.013688,0.028001,-0.00034,0.014733,0.00013,0.005656,0.007792,0.001498,0.013847,0.031602,0.013918,0.01343,0.021055,-0.01808,0.025839,-0.005247
2023-09-11,-0.029442,-0.021199,-0.032364,-0.011562,-0.024418,-0.026923,-0.037027,-0.025948,-0.030306,-0.016437,-0.008902,0.023129,0.033623,-0.007117,0.013467,-0.02527,-0.054066,-0.015384,-0.006286,-0.040394
2023-09-12,0.027955,0.034266,0.026572,0.039107,0.030042,0.027716,0.00538,0.011432,-0.010665,-0.002442,0.000529,0.03104,-0.050096,0.014255,0.007184,-0.014785,-0.008003,-0.015731,0.011701,0.003298
2023-09-13,-0.015496,-0.017026,0.003001,0.003456,-0.01673,-0.019787,-0.00141,-0.010921,0.006738,-0.007058,-0.019306,0.016489,-0.011843,-0.008929,0.006543,-0.023273,0.008213,0.023324,0.018186,0.023121
2023-09-14,0.002838,0.025123,0.00347,0.012941,0.003526,0.018998,0.027083,-0.004894,-0.004912,0.002932,0.027653,0.024435,-0.019003,-0.011111,-0.012026,-0.011035,0.037322,0.019886,0.021048,-0.001459
2023-09-15,0.026957,0.010596,-0.019707,0.007057,0.011022,0.015158,-0.025354,0.003185,0.010416,-0.000848,0.003865,-0.007577,-0.001309,0.014095,0.002524,0.007847,-0.033676,0.01589,0.015546,0.027638
2023-09-18,-0.005169,-0.010267,-0.015352,-0.004805,0.00365,-0.012148,0.003562,0.008001,-0.03103,0.016116,0.010667,0.004831,-0.017858,-0.027833,0.003138,0.003222,-0.003329,0.018215,0.010447,0.001436
2023-09-19,0.032174,0.034868,-0.003036,0.030454,0.013661,0.046991,0.012134,0.019121,-0.003388,0.003457,0.01086,0.005436,0.004938,-0.003864,-0.006207,0.014782,0.001619,-0.008431,0.017691,0.016217
2023-09-20,0.004499,-0.005961,-0.020549,-0.003307,0.003708,-0.006434,-0.006081,0.005219,-0.01898,-0.0039,0.009802,0.006511,-0.026405,-0.014504,-0.005187,0.030682,-0.0067,0.011767,0.018199,0.001551
2023-09-21,-0.003692,-0.014663,-0.025748,-0.008568,-0.003702,-0.006167,0.010985,0.011767,0.013477,0.006988,0.031123,-0.025535,-0.00917,-0.037416,-0.010963,-0.008214,0.020412,0.002228,-0.008263,-0.015129
2023-09-22,-0.014777,0.010939,0.011832,0.007049,-0.008979,0.009848,-0.005836,0.011602,-0.00757,-0.009706,-0.002135,-0.016255,-0.000546,-0.001833,-0.012071,0.01686,0.026409,-0.018925,-0.00995,0.01968
2023-09-25,0.020869,0.006858,-0.018226,0.020915,0.001424,0.008329,-0.018767,-0.009708,-0.021459,-0.013397,-0.008417,-0.020261,0.003816,-0.00708,-0.009203,-0.018146,-0.006055,-0.004659,0.006837,-0.008376
2023-09-26,0.004343,-0.002477,-0.008648,0.003555,0.007033,0.019048,-0.024466,0.002425,0.002914,0.00825,-0.009059,-0.030616,0.008241,-0.037472,-0.010905,0.000442,-0.018362,-0.009599,0.015766,-0.020405
2023-09-27,-0.001678,-0.002125,0.004662,-0.001279,-0.009833,-0.000547,-0.018586,-0.022423,-0.011462,0.004466,-0.015724,-0.008558,0.0281,-0.006834,-0.010143,0.01806,-0.016882,0.011177,0.004748,-0.004755
2023-09-28,0.016203,-0.01318,-0.018917,-0.009797,-0.009425,0.009583,-0.024025,-0.006775,-0.00688,-0.008453,-0.014977,0.001241,0.021423,-0.026322,0.002433,0.0059,0.008784,-0.001902,0.019661,-0.028807
2023-09-29,0.017519,0.015513,0.022627,0.00997,0.021776,0.032535,0.003139,0.018581,0.02585,0.023226,0.010096,0.006729,-0.017532,0.00941,0.009105,0.005676,-0.00412,0.000505,-0.013155,0.011802
2023-10-02,-0.008804,0.009972,0.022476,0.007853,0.009073,0.005821,0.001654,0.0197,0.008122,0.015876,-0.014021,-0.006956,0.001144,0.002045,-0.008838,0.026857,-0.003548,0.040722,0.033253,0.010004
2023-10-03,0.003495,-0.009979,-0.002378,-0.00542,0.009176,0.005266,-0.021613,-0.040623,-0.02928,-0.052122,-0.009618,-0.014555,-0.04675,-0.008927,-0.020248,-0.00745,-0.021348,-0.017934,-0.017083,-0.005919
2023-10-04,0.003804,-0.010742,-0.028314,-0.00965,-0.004344,-0.005635,0.014575,-0.00654,-0.012949,-0.019013,-0.016596,-0.009926,0.021711,-0.047748,-0.021545,-0.03948,-0.014889,-0.014007,-0.052708,-0.015381
2023-10-05,-0.004338,-0.020667,-0.026511,-0.020972,-0.010377,-0.019037,-0.024498,0.00763,0.021767,0.010723,0.01813,-0.012011,-0.000504,-0.011799,-0.005719,0.004675,-0.001707,0.022167,-0.002974,0.023945
2023-10-06,-0.028987,-0.034928,-0.019503,-0.011061,-0.012045,-0.013809,0.012137,-0.013395,-0.011231,-0.003351,-0.020972,-0.018875,-0.020178,0.008175,-0.005332,-0.02115,-0.012414,0.017942,-0.003577,0.014073
2023-10-09,0.011656,0.009216,-0.009155,0.027462,0.003774,0.023235,-0.0027,-0.008453,0.006848,-0.000464,0.02125,0.011813,0.00677,-0.023117,0.004137,-0.017473,-0.003301,0.007226,-0.01328,-0.008184
2023-10-10,-0.011166,-0.003546,-0.024767,-0.014685,-0.006241,-0.000808,-0.019657,-0.026402,-0.004317,-0.021799,-0.009523,-0.008966,0.017358,-0.012237,-0.022048,0.01471,-0.015475,0.02847,-0.004044,-0.006123
2023-10-11,-0.015399,-0.013943,-0.028508,-0.032997,-0.023622,-0.01662,-0.018629,-0.006692,-0.021312,-0.026707,-0.026184,-0.030834,-0.032667,-0.021807,-0.024474,-0.004133,-0.027328,-0.005401,-0.004149,-0.002842
2023-10-12,0.007994,0.024716,0.007302,0.015092,0.014284,0.019127,-0.012393,0.017475,0.052328,0.029012,0.006806,0.004725,-0.020688,0.019957,0.020781,0.030418,-0.00483,-0.006751,0.018279,-0.003915
2023-10-13,-0.014755,-0.00554,-0.014998,-0.018237,-0.006939,-0.015983,-0.014148,0.003873,-0.020961,-0.000315,-0.01038,-0.048253,-0.041087,-0.003117,-0.028176,-0.006275,-0.0376,-0.008584,0.015336,-0.004617
2023-10-16,-0.005327,-0.015072,-0.004128,-0.00763,-0.003826,-0.013272,0.019264,0.013916,0.013563,0.003505,-0.00919,0.033499,0.016689,-0.006146,0.010052,0.019229,-0.006932,0.013375,0.005737,0.018192
2023-10-17,-0.0079,-0.030429,-0.028713,-0.027586,-0.023977,-0.020823,0.01771,0.009675,0.01557,0.001809,0.01326,-0.030375,-0.040324,-0.032078,-0.034378,-0.005824,0.001744,-0.016879,-0.010021,-0.019844
2023-10-18,-0.010764,-0.013734,-0.001225,-0.011903,0.000542,0.004399,-0.014654,0.0052,-0.009997,0.004453,0.00444,-0.01608,-0.036389,-0.012301,-0.005623,0.006949,-0.018581,0.010993,-0.022002,-0.014927
2023-10-19,0.007013,0.013618,-0.023018,0.004637,-0.002365,0.010114,-0.000104,0.008729,0.011558,-0.008346,-0.011896,-0.008583,0.030089,0.001458,0.007496,0.003603,0.022555,2e-06,-0.009452,0.006062
2023-10-20,-0.020631,0.001221,-0.004013,-0.009746,-0.010018,-0.005456,0.01074,0.000524,0.016006,0.004953,0.001875,0.005397,-0.000652,0.012081,0.030853,0.02218,0.012073,0.01169,0.009335,0.006511
2023-10-23,-0.01405,-0.012645,-0.010985,-0.013546,-0.027074,-0.005584,-0.038068,-0.006443,0.022149,-0.010227,0.000766,0.004153,-0.004933,-0.014663,-0.032156,-0.000543,-0.016688,0.011914,0.015105,-0.021285
2023-10-24,0.014771,0.018706,0.022801,0.042045,0.024028,0.025197,-0.011958,-0.015236,-0.002628,0.019936,-0.007869,0.021235,0.020434,0.018737,0.003124,-0.008479,-0.031196,-0.025499,-0.028189,-0.020432
2023-10-25,0.015729,0.006418,-0.000797,0.013476,0.001441,0.003833,-0.022086,-0.0209,-0.025435,-0.014489,-0.00315,0.01279,-0.009828,0.000482,-0.011905,0.027476,0.017928,0.037057,0.027357,0.029344
2023-10-26,-0.02222,0.028842,0.00536,0.014082,-0.010181,0.008658,-0.002881,-0.023029,-0.017322,0.003718,-0.001937,-0.038654,0.015534,-0.011886,0.007085,-0.013886,0.004305,0.012,0.015534,-0.005101
2023-10-27,-0.02338,-0.016342,-0.01702,-0.025372,-0.012076,-0.013547,0.007289,-0.001344,-0.00985,-0.0188,-0.037265,-0.015682,-0.023133,-0.010786,-0.02002,-0.009801,-0.005475,0.016838,-0.00627,0.028521
2023-10-30,0.003582,-0.003474,-0.007949,-0.007715,-0.001239,-0.01481,0.025607,0.001513,-0.015576,-0.003135,-0.008857,0.023254,0.040298,-0.000846,0.021025,-0.003125,-0.01019,-0.004016,0.012779,-0.002766
2023-10-31,-0.006673,-0.006911,-0.008681,-0.02031,0.003382,-0.0131,0.029076,0.009378,0.004083,-0.002983,0.011321,0.011023,0.008377,-0.002765,0.022386,0.005011,0.009421,0.017839,0.02093,-0.018831
2023-11-01,0.006547,0.010062,-0.007383,0.01252,-0.008323,0.009261,0.004175,2.3e-05,-0.023502,-0.001483,0.003174,-0.016323,0.004034,0.014147,-0.006276,-0.010632,-0.014442,-0.017895,-0.01704,-0.046453
2023-11-02,-0.019615,-0.010308,-0.005809,-0.020306,-0.023428,-0.014394,-0.012448,-0.000332,0.012044,-0.000803,0.001343,-0.024152,-0.019154,-0.02566,-0.013033,0.001896,0.010025,-0.045728,-0.021546,-0.029537
2023-11-03,-0.001367,-0.009168,-0.028187,-0.01591,0.006081,-0.01253,-0.011405,-0.011509,0.000688,-0.010067,-0.022791,0.022273,0.05647,0.017336,0.018449,0.014088,0.00781,0.003333,0.00791,-0.002726
2023-11-06,0.01411,0.018416,-0.014093,0.004504,0.025264,0.019935,0.004804,0.015545,0.023339,0.004424,0.016232,-0.00043,-0.013244,0.01466,-0.003162,0.000673,-0.005243,0.003734,0.021336,0.018745
2023-11-07,-0.004908,0.006368,-0.005079,-0.002231,0.006853,0.001375,0.007852,0.00201,0.011804,0.014931,0.005926,0.02119,0.000124,0.01936,0.008715,-0.019297,-0.002339,-0.007035,-0.008285,0.009547
2023-11-08,-0.001584,0.023391,-0.016715,-0.007439,0.004619,0.002546,0.013577,0.017653,-0.004873,0.002655,0.019411,0.018927,0.010742,0.034279,0.015426,-0.012003,-0.046839,-0.05279,-0.004431,-0.013487
2023-11-09,-0.012338,0.008507,-0.022968,-0.005123,-0.006107,-0.009779,-0.026187,-0.005434,-0.010179,0.01118,-0.012573,0.033852,-0.015125,0.011148,0.031689,0.002418,0.003479,0.007544,-0.012847,0.002989
2023-11-10,0.010713,0.000574,-0.000735,0.010002,0.012049,-0.005513,0.020293,0.023054,0.020402,0.013355,0.022979,0.02923,0.044152,-0.015762,0.000935,-0.024363,-0.00479,-0.030147,-0.050883,-0.058022
2023-11-13,-0.001848,0.017512,0.00927,0.002335,0.005582,0.003132,-0.026894,0.00687,-0.011929,0.001148,0.008383,0.038049,-0.022812,0.01607,0.000462,-0.000437,0.015991,-0.008946,0.001731,0.004357
2023-11-14,-0.035958,-0.018705,0.005788,-0.011822,-0.015136,-0.014996,0.006703,0.007537,0.00206,-0.017236,0.007145,0.004203,0.022834,0.013448,0.000448,0.029864,-0.003962,0.01844,0.018636,-0.003845
2023-11-15,0.000542,0.00963,0.005936,0.005645,-0.005332,0.000338,-0.017236,-0.006193,0.018904,0.00716,-0.023864,0.002264,-0.011348,0.015221,-0.002122,-0.001504,-0.007448,0.018592,0.030251,-0.01574
2023-11-16,0.01239,-0.003402,-0.001867,-0.004604,0.006596,-0.002313,0.016406,0.001632,0.00523,0.005359,0.016807,0.012034,0.005868,8.8e-05,-0.004332,-0.01725,0.017721,-0.004711,-0.008808,-0.009264
2023-11-17,0.003989,0.005811,-0.014006,-0.009376,0.001608,0.009037,0.011448,-0.00027,0.00782,-0.008556,-0.013441,0.007066,0.028553,0.021934,0.028979,0.005422,0.048219,0.00182,0.004038,0.009223
2023-11-20,-0.010199,-0.000316,-0.02487,-0.007044,-0.013112,-0.012276,0.003573,0.002686,0.003481,0.004786,-0.009795,-0.039463,-0.044455,-0.010251,-0.014331,0.006266,0.027158,-0.019294,-0.055507,0.019994
2023-11-21,-0.036622,-0.048147,-0.019698,-0.030657,-0.021241,-0.036426,-0.002831,-0.009746,-0.012531,-0.002902,0.003114,0.010214,0.010903,-0.001297,-0.007757,0.00501,-0.007987,-0.005948,-0.001158,-0.004805
2023-11-22,0.022965,-0.011267,-0.004723,-0.005987,0.006422,0.015429,-0.000463,0.026297,-0.009998,-0.011519,0.003427,0.022021,0.001999,0.043739,0.029796,0.003767,-0.008198,-0.014247,-0.007248,0.056318
2023-11-23,0.01249,0.022647,-0.031778,0.015717,0.020287,0.00179,0.019437,0.001304,-0.012356,-0.009668,-0.020887,0.046481,0.001434,-0.005279,0.016653,-0.004564,-0.001964,0.014915,-0.00121,0.004624
2023-11-24,0.028086,-0.015759,-0.002897,0.013048,0.012524,-0.001405,0.028332,0.00387,0.029396,0.024137,0.00843,-0.035141,0.027788,-0.008532,0.004252,-0.002316,-0.011161,-0.001389,0.000587,0.014479
2023-11-27,-0.005706,-0.01588,0.008629,-0.019663,-0.015176,-0.024447,0.011532,0.015577,0.03561,0.006219,-0.004239,-0.012738,0.006018,-0.016537,0.009993,-0.002761,-0.011816,-0.025195,-0.005505,-0.015931
2023-11-28,0.003901,0.006549,-0.005233,0.006213,-0.001148,-0.004502,0.031869,-0.00064,0.035011,0.002517,0.009511,0.004711,0.036382,-0.008983,0.021707,-0.034048,-0.002056,-0.029737,-0.012775,-0.041028
2023-11-29,0.010663,0.02844,0.025889,0.010828,0.004595,0.030231,-0.018173,-0.004015,-0.013645,-0.003801,-0.035234,-0.048019,-0.041499,-0.051444,-0.016475,0.002265,-0.005077,0.014747,0.031171,0.009842
2023-11-30,0.016701,-0.017517,-8.8e-05,0.010368,-0.011786,-0.010948,-0.014992,-0.003387,0.007492,0.020309,-0.020218,-0.019028,-0.040062,-0.022891,-0.044425,0.012721,0.001123,-0.002431,-0.004261,0.019874
2023-12-01,0.02275,0.020536,0.046211,0.024164,0.017541,0.024289,0.025564,0.021956,0.007885,0.023724,0.002578,0.025582,0.049604,0.018295,0.023134,-0.019122,0.013939,0.001688,-0.00457,-0.019844
2023-12-04,0.002529,-0.007935,0.043158,0.012394,-0.005531,0.004904,-0.054521,-0.044094,-0.041703,-0.045751,-0.03819,0.028611,-0.011798,0.006169,0.005483,-0.004306,-0.016754,-0.022339,0.00426,0.015956
2023-12-05,-0.008397,-0.009899,-0.00953,-0.010781,0.005345,-0.000466,0.002607,0.00534,-0.006198,-0.001621,-0.001469,0.011557,-0.005485,0.014349,0.000671,0.000863,-0.017351,-0.005692,0.000573,0.010396
2023-12-06,-0.005759,-0.002664,0.033453,0.010915,0.000897,0.012016,0.007736,0.001107,-0.004263,0.002953,0.034314,-0.019012,-0.011901,-0.017243,0.001709,0.007162,-0.012344,-0.008462,0.008179,-0.01479
2023-12-07,0.026112,-0.015786,0.019325,0.009678,0.017939,0.014998,-0.04025,-0.037652,-0.011401,-0.032742,-0.012174,-0.007908,-0.032957,0.009548,-0.003483,0.012875,-0.006596,-0.005053,0.016113,0.011651
2023-12-08,-0.010904,0.003279,0.002466,-0.000399,0.005411,-0.004117,0.004949,0.005835,0.003115,-4.4e-05,-0.006283,0.038896,-0.011944,0.0089,0.03082,0.021371,-0.010001,-0.001786,0.005175,0.01248
2023-12-11,0.020184,-0.01084,0.016848,-0.020384,0.001613,-0.007245,0.020468,0.008961,-0.011542,0.006154,-0.022218,0.027886,0.019218,0.009244,0.003124,0.004463,-0.002496,-0.006737,0.007674,-0.003668
2023-12-12,0.005431,0.012604,0.003516,0.012133,0.017709,0.003892,-0.021193,-0.00231,0.000579,-0.011741,0.008326,0.001965,0.047292,0.009335,-0.013616,-0.002037,0.003728,0.004586,0.015477,0.005056
2023-12-13,-0.031823,-0.013393,-0.030733,-0.033921,-0.018133,-0.033117,0.020494,0.008068,0.041325,0.001793,-0.002426,-0.016148,-0.006977,-0.022981,-0.011608,-0.028084,-0.008984,-0.03385,-0.041941,-0.01455
2023-12-14,0.040481,0.018652,0.034685,0.001239,0.018727,0.028299,-0.009468,-0.022881,-0.022319,-0.014936,-0.020614,-0.020574,-0.03117,-0.000685,0.001902,0.014206,0.016522,0.026752,0.024999,-0.003386
2023-12-15,0.007093,0.022293,0.020879,0.014243,0.024697,0.013536,-0.004256,0.017795,0.022911,-0.007397,0.012399,0.020439,-0.008626,0.015896,0.026276,0.017196,0.005464,-0.012122,-0.007527,-0.01332
2023-12-18,0.018742,0.006824,0.005735,0.007806,0.005864,0.004447,-0.011143,-0.006557,0.016527,-0.015879,-0.006905,-0.013035,-6e-06,0.002973,0.035143,0.013148,0.003657,-0.017283,0.029814,0.027443
2023-12-19,-0.003642,-0.027866,-0.018669,-0.014259,-0.031061,-0.033374,-0.029499,-0.008864,0.000345,-0.003971,-0.027039,-0.002292,-0.03165,-0.038346,-0.052961,0.007257,-0.03373,-0.009899,0.001695,-0.017229
2023-12-20,0.004117,-0.015917,0.011533,0.007812,-0.001643,-0.006535,-0.016166,-0.008846,-0.028466,-0.017706,-0.028182,-0.030866,-0.038889,-0.034074,-0.032637,0.021182,-0.007051,-0.006594,0.021783,0.019234
2023-12-21,-0.014442,-0.011741,-0.037221,-0.006362,-0.010871,-0.004652,-0.034351,-0.013269,-0.005067,-0.009852,-0.009765,-0.020966,-0.044237,-0.035627,-0.031824,-0.037935,0.008263,-0.046905,-0.022874,-0.007176
2023-12-22,0.014925,0.019477,0.007376,-0.002354,0.021965,0.017283,0.007216,0.034871,0.023211,0.022818,0.032945,0.048525,0.014816,0.025106,0.02284,0.01127,-0.000718,-0.001119,0.027746,0.023761
2023-12-25,0.009835,-0.007033,-0.026328,-0.010619,-0.010308,-0.013068,-0.018182,-0.005833,-0.000761,-0.018062,-0.003913,-0.020529,-0.03745,0.000806,-0.021514,-0.040903,-0.057541,-0.039342,-0.055116,-0.019656
2023-12-26,0.033927,0.003352,0.047335,0.02387,0.009614,0.00595,0.005352,0.012358,0.003916,-0.007853,-0.006208,0.0093,-0.016658,-0.023928,-0.000363,0.008006,-0.006438,0.001792,0.0243,0.012648
2023-12-27,0.007548,-0.003831,0.020538,-0.012174,0.003386,0.008925,0.002512,-0.001996,0.003241,0.012119,0.018288,0.002977,0.032052,-0.010908,0.002238,-0.007826,-0.011167,-0.013743,-0.009057,-0.007396
2023-12-28,-0.029156,0.000208,-0.009386,-0.010835,-0.009881,-0.011426,0.002018,-0.004902,-0.00164,-0.023391,-0.000641,-0.020209,-0.024025,-0.022837,0.033955,-0.002254,0.004028,-0.004201,-0.009347,0.015212
2023-12-29,-0.016834,0.004799,0.020809,-0.004943,-0.00333,-0.000714,-0.016954,0.013726,0.01071,-7.9e-05,-0.002591,0.004748,-0.01246,0.004972,-0.012799,0.007672,-0.017935,-0.004624,-0.01446,-0.005485
